frame_idx,det_idx,class_id,conf,x1,y1,x2,y2,median_depth
15,0,0,0.44582295417785645,518.83544921875,398.0863952636719,569.9677124023438,431.9537353515625,8.842601776123047
16,0,0,0.7330973744392395,514.0501098632812,389.1261291503906,570.4837646484375,432.0,8.773637771606445
17,0,0,0.7455958127975464,515.9644165039062,379.325927734375,571.4244995117188,432.0,8.608965873718262
18,0,0,0.7076435685157776,518.1455688476562,373.7975158691406,571.321044921875,432.0,8.663087844848633
19,0,0,0.7886393070220947,520.968994140625,364.8033752441406,572.6435546875,432.0,8.70150089263916
20,0,0,0.8045767545700073,522.812744140625,356.0064392089844,574.1165771484375,432.0,8.505334854125977
21,0,0,0.7997756600379944,524.4352416992188,347.4310302734375,575.5738525390625,432.0,8.229966163635254
22,0,0,0.8754743337631226,523.4149169921875,338.68414306640625,577.0966796875,432.0,8.231335639953613
23,0,0,0.8894492983818054,523.2322998046875,331.9575500488281,578.592041015625,432.0,7.946588039398193
24,0,0,0.8868168592453003,520.8167724609375,324.1691589355469,579.5711059570312,432.0,7.633275032043457
25,0,0,0.8941622376441956,519.5924072265625,318.59356689453125,579.6341552734375,431.7500305175781,7.418610572814941
26,0,0,0.8907288312911987,522.8964233398438,310.8476867675781,579.7622680664062,432.0,7.368990421295166
27,0,0,0.8750321865081787,527.896484375,302.4459228515625,580.0608520507812,403.12860107421875,7.653724193572998
28,0,0,0.8578041195869446,532.9163818359375,294.8544616699219,581.0078125,390.3227233886719,7.4878249168396
29,0,0,0.859359860420227,535.3112182617188,290.05975341796875,582.2322387695312,390.38629150390625,7.426409721374512
30,0,0,0.8561421036720276,535.3954467773438,285.2566833496094,583.18115234375,389.5190734863281,7.463331699371338
31,0,0,0.8366714715957642,535.2276611328125,279.05517578125,585.309326171875,386.50439453125,7.2977190017700195
32,0,0,0.8411115407943726,538.3023681640625,273.2290344238281,588.419189453125,376.3228454589844,7.180628299713135
33,0,0,0.8397132754325867,542.4853515625,266.02349853515625,590.6991577148438,357.7591247558594,7.107954978942871
34,0,0,0.8210480213165283,545.9278564453125,259.7784423828125,593.2218017578125,357.1709289550781,7.072518825531006
35,0,0,0.8585979342460632,544.0516357421875,256.32916259765625,594.6470947265625,356.60662841796875,6.879791736602783
36,0,0,0.8685691952705383,543.3154296875,252.3872833251953,595.6558837890625,355.68682861328125,6.559330940246582
37,0,0,0.8753172159194946,543.6688842773438,245.85557556152344,597.3338623046875,350.64837646484375,6.588924407958984
38,0,0,0.8653426170349121,550.7493286132812,240.2194366455078,599.2139282226562,341.6192626953125,6.689127445220947
39,0,0,0.8674771189689636,556.888671875,235.16946411132812,602.881103515625,327.9566955566406,6.669490814208984
40,0,0,0.8432985544204712,558.35009765625,231.1507110595703,605.3296508789062,320.00213623046875,6.466152667999268
41,0,0,0.84633469581604,557.8329467773438,227.20262145996094,608.9231567382812,321.9040832519531,6.345342636108398
42,0,0,0.8617562055587769,557.427734375,223.6388397216797,612.5667724609375,320.08636474609375,6.158984184265137
43,0,0,0.8460850715637207,561.9662475585938,219.46575927734375,616.3360595703125,315.1065368652344,6.008100509643555
44,0,0,0.8484894633293152,567.422607421875,215.56912231445312,620.35546875,302.16168212890625,6.0958638191223145
45,0,0,0.8072344064712524,578.7952270507812,210.3758087158203,625.7176513671875,297.2055969238281,6.1973466873168945
46,0,0,0.858963131904602,585.173828125,206.07447814941406,630.8292236328125,298.1181640625,6.04757022857666
47,0,0,0.8507869839668274,585.874267578125,203.5474090576172,635.6907958984375,297.375,5.922811031341553
48,0,0,0.8831154704093933,586.60009765625,200.30307006835938,640.563232421875,297.3998718261719,5.908973217010498
49,0,0,0.8773375153541565,591.24365234375,196.41226196289062,643.225830078125,295.3919372558594,5.892848968505859
50,0,0,0.8500315546989441,600.1952514648438,192.63377380371094,644.8120727539062,286.5923767089844,5.909214496612549
51,0,0,0.8196510672569275,607.108154296875,186.8313446044922,649.72265625,278.5729064941406,5.7708539962768555
52,0,0,0.8380930423736572,607.7433471679688,183.036865234375,654.957275390625,270.23089599609375,5.6892547607421875
53,0,0,0.8618993759155273,605.6817016601562,180.7163848876953,657.44384765625,270.41259765625,5.545570373535156
54,0,0,0.8652529120445251,606.7078857421875,179.18724060058594,661.5296630859375,270.9702453613281,5.414012908935547
55,0,0,0.8208480477333069,610.0550537109375,176.38531494140625,667.8131103515625,268.74200439453125,5.345661640167236
56,0,0,0.8177199363708496,621.0743408203125,173.0585479736328,672.6622314453125,256.4858703613281,5.352401256561279
57,0,0,0.7984638214111328,632.7789916992188,167.5546875,677.4795532226562,255.4107208251953,5.483866214752197
58,0,0,0.8440755605697632,639.8271484375,165.29476928710938,684.5630493164062,255.23939514160156,5.3908233642578125
59,0,0,0.8531245589256287,640.4895629882812,163.42218017578125,689.693359375,255.5929412841797,5.278713226318359
60,0,0,0.8659714460372925,640.662109375,162.314208984375,694.0984497070312,255.03179931640625,5.228548526763916
61,0,0,0.8552416563034058,647.4693603515625,158.62533569335938,697.0077514648438,254.78646850585938,5.1758928298950195
62,0,0,0.8645690083503723,658.8238525390625,156.60992431640625,698.1135864257812,244.99147033691406,5.233218193054199
63,0,0,0.8280532956123352,663.368408203125,152.05606079101562,703.727783203125,239.53187561035156,5.210546016693115
64,0,0,0.828311562538147,663.7708129882812,149.23153686523438,707.9097900390625,233.39552307128906,5.128985404968262
65,0,0,0.8170644640922546,662.8258666992188,146.589111328125,711.441650390625,233.25828552246094,5.2131452560424805
66,0,0,0.8254407644271851,663.465087890625,145.21942138671875,715.1735229492188,232.53575134277344,5.054812431335449
67,0,0,0.778514564037323,668.6948852539062,143.06752014160156,724.5368041992188,229.11837768554688,4.995520114898682
68,0,0,0.7994548678398132,676.7533569335938,140.10780334472656,726.9232177734375,222.9768829345703,4.903916358947754
69,0,0,0.7943236827850342,688.3977661132812,137.32711791992188,732.701416015625,220.96209716796875,4.930842399597168
70,0,0,0.8496309518814087,693.8377685546875,134.69752502441406,736.883056640625,221.37393188476562,5.069124221801758
71,0,0,0.814177393913269,694.2431030273438,134.39328002929688,744.0602416992188,222.05157470703125,4.913722038269043
72,0,0,0.7064584493637085,695.49609375,132.4744110107422,750.739501953125,221.32859802246094,4.703782558441162
73,0,0,0.6548632979393005,701.7471313476562,131.46340942382812,750.607421875,219.5097198486328,4.807981491088867
74,0,0,0.8119156956672668,708.1555786132812,105.4734115600586,767.575927734375,211.81776428222656,5.1162428855896
75,0,0,0.8147327899932861,707.2872314453125,105.33855438232422,767.6739501953125,207.8079833984375,4.578273296356201
76,0,0,0.6931606531143188,708.03369140625,127.38873291015625,757.9569091796875,202.78713989257812,4.219170093536377
76,1,0,0.5963007807731628,707.4977416992188,106.64604949951172,763.7324829101562,203.10231018066406,4.387677192687988
77,0,0,0.7965698838233948,708.2186279296875,103.62891387939453,767.6253662109375,203.6781768798828,4.281682014465332
78,0,0,0.8370755910873413,708.0690307617188,104.44398498535156,767.6207885742188,202.2993927001953,4.207836151123047
79,0,0,0.6967870593070984,718.0711059570312,104.79452514648438,767.5973510742188,197.9026336669922,4.039462089538574
80,0,0,0.7073466777801514,729.5401000976562,104.49958038330078,767.814697265625,194.92010498046875,4.103204727172852
80,1,0,0.44580554962158203,713.2166137695312,104.43680572509766,767.61328125,194.99758911132812,3.283918619155884
81,0,0,0.6244693398475647,737.4100341796875,103.77567291259766,767.8043823242188,193.99697875976562,4.185327529907227
82,0,0,0.5648019313812256,741.796142578125,106.314453125,767.6357421875,193.13880920410156,4.1471638679504395
83,0,0,0.5640194416046143,742.080078125,108.13232421875,767.6380615234375,193.41647338867188,3.2436575889587402
84,0,0,0.3585321009159088,742.9957885742188,107.07396697998047,767.6795654296875,192.67750549316406,3.1837682723999023
171,0,0,0.2741006314754486,101.67632293701172,377.53839111328125,258.8533935546875,430.9668884277344,9.841073989868164
172,0,0,0.5778592228889465,79.59518432617188,364.06927490234375,264.4969482421875,429.1131896972656,9.391923904418945
173,0,0,0.6425329446792603,87.53377532958984,352.994384765625,268.3955078125,429.0898132324219,8.658369064331055
174,0,0,0.31011638045310974,91.54693603515625,341.09246826171875,271.166015625,431.1889343261719,8.328256607055664
174,1,32,0.30146485567092896,90.8806381225586,340.8642578125,271.6837463378906,429.83489990234375,8.323356628417969
175,0,32,0.48787495493888855,91.75656127929688,329.40631103515625,275.09832763671875,429.9933166503906,7.879279136657715
175,1,0,0.460170179605484,90.73982238769531,329.1301574707031,273.96875,431.2831726074219,7.900671482086182
176,0,0,0.34804752469062805,86.32355499267578,317.6477966308594,277.7609558105469,428.4701843261719,7.790313243865967
184,0,2,0.3451496958732605,94.61985778808594,238.95608520507812,283.1058654785156,429.10980224609375,7.187808036804199
187,0,67,0.29724040627479553,108.5557861328125,213.59341430664062,278.0355529785156,428.5697937011719,7.155798435211182
188,0,67,0.4186727702617645,112.89232635498047,206.41429138183594,273.9383850097656,428.1663818359375,7.049647331237793
189,0,67,0.40849539637565613,116.06887817382812,198.60769653320312,271.4436950683594,424.6293029785156,6.987339973449707
190,0,67,0.7977818250656128,119.67312622070312,190.53143310546875,267.8872375488281,414.27679443359375,6.80473518371582
191,0,67,0.7709754109382629,122.96986389160156,182.82115173339844,265.1293640136719,402.0022888183594,6.620213985443115
192,0,67,0.8340129256248474,125.62158203125,176.72406005859375,261.6207580566406,390.05120849609375,6.410632133483887
193,0,67,0.8789216876029968,125.8013687133789,169.33245849609375,260.55718994140625,380.6174011230469,6.328887462615967
194,0,67,0.8178750872612,124.75833892822266,162.89956665039062,259.8703918457031,369.02301025390625,6.154272079467773
195,0,67,0.7692517638206482,122.20166778564453,157.91909790039062,258.701904296875,360.4784240722656,6.00618839263916
196,0,67,0.5692059397697449,117.43603515625,152.58853149414062,257.7907409667969,349.657470703125,5.922375679016113
197,0,67,0.6236916780471802,113.02046966552734,146.71275329589844,256.81011962890625,342.1649475097656,5.727618217468262
198,0,67,0.6779093742370605,107.59435272216797,142.1983184814453,254.7060089111328,333.53125,5.717970371246338
199,0,67,0.4137362241744995,101.99919128417969,138.32289123535156,251.53887939453125,326.4658508300781,5.649417877197266
199,1,2,0.3583613932132721,102.47514343261719,138.16131591796875,251.62110900878906,324.7276306152344,5.637482643127441
200,0,2,0.4482446312904358,95.9918212890625,133.70193481445312,249.27244567871094,318.4900817871094,5.615287780761719
200,1,67,0.28689080476760864,96.08257293701172,133.8741912841797,249.6556396484375,318.7644348144531,5.6139235496521
201,0,2,0.42467036843299866,89.77517700195312,130.4422149658203,245.95492553710938,310.57977294921875,5.669162273406982
201,1,67,0.402602881193161,89.90107727050781,129.990966796875,245.62240600585938,311.1531982421875,5.669162273406982
202,0,2,0.5575173497200012,82.60352325439453,126.06778717041016,242.31369018554688,304.0252685546875,5.602131366729736
203,0,2,0.4289758801460266,74.59568786621094,123.21493530273438,239.42416381835938,296.0270690917969,5.622985363006592
204,0,2,0.5492494106292725,67.20655822753906,120.37350463867188,234.1614227294922,290.0265197753906,5.729250431060791
205,0,2,0.8238736987113953,58.598880767822266,118.49571990966797,230.43048095703125,283.6785888671875,5.631287574768066
206,0,2,0.8700243830680847,50.45689392089844,116.74022674560547,225.1598358154297,277.48748779296875,5.668447494506836
207,0,2,0.7622913718223572,41.72149658203125,114.99864959716797,220.7909698486328,272.7142333984375,5.5816545486450195
208,0,2,0.5123482942581177,33.54338455200195,112.63350677490234,214.35960388183594,268.02032470703125,5.499267101287842
209,0,2,0.6053439378738403,24.636621475219727,111.39189910888672,208.4373016357422,264.3795166015625,5.582124710083008
210,0,2,0.7262993454933167,15.841938018798828,110.79591369628906,202.0446014404297,259.17010498046875,5.429804801940918
211,0,2,0.6978397965431213,5.370959758758545,109.11353302001953,195.7859649658203,255.33204650878906,5.353861331939697
212,0,2,0.734060525894165,0.16629639267921448,108.31973266601562,189.01014709472656,251.36671447753906,5.38348913192749
213,0,2,0.7677512168884277,0.18815918266773224,107.14989471435547,182.5218505859375,247.17027282714844,5.265324115753174
214,0,2,0.8877198100090027,0.20386964082717896,105.88890075683594,175.17242431640625,244.4092254638672,5.166471481323242
215,0,2,0.8624127507209778,0.09865722805261612,105.3838882446289,167.4119415283203,242.39186096191406,5.182101249694824
216,0,2,0.8172710537910461,0.01298217847943306,104.02424621582031,159.76934814453125,238.85804748535156,5.140316486358643
217,0,2,0.8934128284454346,0.07418518513441086,102.95542907714844,152.2880401611328,236.15301513671875,5.172750473022461
218,0,2,0.8831043243408203,0.090362548828125,101.9356689453125,143.60040283203125,234.4739990234375,5.15316104888916
218,1,33,0.2743525207042694,530.4445190429688,413.2461242675781,558.2836303710938,432.0,7.472431182861328
219,0,2,0.9109888076782227,0.11356201767921448,101.63610076904297,136.13697814941406,232.5705108642578,5.080944061279297
219,1,33,0.31224140524864197,530.5530395507812,412.92138671875,558.1594848632812,432.0,7.51218843460083
220,0,2,0.9063129425048828,0.05807190015912056,101.67660522460938,127.82919311523438,231.34365844726562,5.036055088043213
220,1,33,0.35588398575782776,530.498046875,412.9620666503906,558.148681640625,432.0,7.426872253417969
221,0,2,0.9168861508369446,0.03072509914636612,101.84314727783203,119.67389678955078,229.54208374023438,5.075901985168457
221,1,33,0.3868032395839691,530.4526977539062,413.0083923339844,558.2789916992188,432.0,7.469664096832275
222,0,2,0.9059984683990479,0.0,102.70506286621094,111.97286987304688,227.34291076660156,5.107297420501709
222,1,33,0.324099600315094,530.505859375,413.0472412109375,558.2730102539062,432.0,7.46486759185791
223,0,2,0.9046466946601868,0.04441223293542862,102.62474060058594,104.2020492553711,227.25303649902344,5.0791473388671875
223,1,33,0.2898290157318115,530.2421875,413.99932861328125,558.3267822265625,432.0,7.480574131011963
224,0,2,0.8777748346328735,0.17549744248390198,103.80136108398438,96.31715393066406,226.16064453125,5.177753448486328
224,1,33,0.38330334424972534,530.406005859375,413.3610534667969,558.5524291992188,432.0,7.488077640533447
225,0,2,0.9163551926612854,0.24894104897975922,105.32892608642578,88.23815155029297,225.9987335205078,5.002128601074219
225,1,33,0.4256879687309265,530.66015625,413.0816955566406,558.1290893554688,432.0,7.420524597167969
226,0,2,0.9257206320762634,0.28677064180374146,106.83235931396484,79.16073608398438,224.98753356933594,4.902100563049316
226,1,33,0.41370242834091187,530.66455078125,412.9028625488281,558.2772216796875,432.0,7.475479602813721
227,0,2,0.9158939719200134,0.2899612486362457,107.67737579345703,71.14411163330078,223.3301544189453,4.898958206176758
227,1,33,0.41114571690559387,531.1065063476562,413.1019287109375,558.9165649414062,432.0,7.510076522827148
228,0,2,0.8699501156806946,0.2487945705652237,109.13997650146484,62.89857864379883,223.48048400878906,4.84503698348999
228,1,33,0.41759800910949707,530.8364868164062,412.5981750488281,558.8944702148438,432.0,7.495556831359863
229,0,2,0.6930566430091858,0.1436004638671875,109.17919158935547,54.62614059448242,223.50051879882812,4.663026332855225
229,1,33,0.364319384098053,530.7730712890625,412.4928894042969,559.028564453125,432.0,7.41274881362915
230,0,2,0.37337544560432434,0.13441315293312073,111.99869537353516,47.28886032104492,221.0033721923828,4.639464378356934
230,1,33,0.26338398456573486,530.3301391601562,411.8644104003906,558.6259155273438,432.0,7.513364315032959
309,0,0,0.5053447484970093,513.9874877929688,0.0,550.7734985351562,45.514060974121094,1.754785418510437
312,0,1,0.30730199813842773,519.5858764648438,0.2046958953142166,560.3125,55.02601623535156,1.8559521436691284
313,0,1,0.33982357382774353,522.2989501953125,0.6951690912246704,564.8517456054688,57.86073684692383,1.9185519218444824
318,0,0,0.2534872591495514,537.7890625,0.0,598.117919921875,73.80242156982422,2.1236863136291504
319,0,0,0.25490596890449524,539.679931640625,0.0,598.052490234375,75.07295227050781,2.0863254070281982
320,0,1,0.3497740924358368,542.27392578125,17.283472061157227,596.79443359375,78.7766342163086,2.0350563526153564
320,1,0,0.30434921383857727,565.6683959960938,1.0413941144943237,593.9961547851562,43.4882926940918,2.199927806854248
321,0,1,0.31246691942214966,545.3944702148438,1.7415252923965454,604.1127319335938,81.40635681152344,2.1824703216552734
322,0,1,0.4506807029247284,549.7276000976562,26.917970657348633,608.2896728515625,83.16822814941406,2.192857027053833
322,1,0,0.2570021152496338,575.7393798828125,1.7328277826309204,604.4998168945312,58.50475311279297,2.1357693672180176
323,0,1,0.5557695627212524,554.8567504882812,28.999475479125977,615.22021484375,86.03987121582031,2.2016425132751465
323,1,0,0.3620122969150543,555.8563842773438,1.5896484851837158,611.4846801757812,66.56501770019531,1.9816138744354248
323,2,0,0.27218660712242126,584.661865234375,2.469735860824585,610.2271728515625,45.320499420166016,2.2590444087982178
324,0,0,0.5431286692619324,588.8772583007812,4.503973484039307,615.2980346679688,50.92159652709961,2.255143404006958
324,1,1,0.4882117211818695,560.8497314453125,28.177845001220703,622.01318359375,87.83577728271484,2.1850342750549316
324,2,0,0.3478643596172333,588.1841430664062,4.993577003479004,616.4186401367188,67.70647430419922,2.2075366973876953
324,3,3,0.31702864170074463,559.9522094726562,28.658634185791016,622.0068359375,86.69905090332031,2.1850342750549316
325,0,1,0.5817850828170776,565.2893676757812,30.824726104736328,629.127685546875,88.6378173828125,2.1950509548187256
325,1,0,0.48947346210479736,594.3271484375,6.209912300109863,621.22998046875,52.995880126953125,2.3203086853027344
325,2,0,0.35113659501075745,590.03271484375,6.275079727172852,622.5128173828125,68.36754608154297,2.2624967098236084
326,0,0,0.5809254050254822,596.3674926757812,6.854324817657471,627.9707641601562,64.02826690673828,2.398465633392334
326,1,1,0.5015864372253418,569.032958984375,34.46518325805664,635.3299560546875,90.16119384765625,2.258882522583008
326,2,3,0.29372745752334595,568.8419189453125,35.04418182373047,634.54345703125,88.99378204345703,2.258882522583008
327,0,1,0.661234438419342,574.2479248046875,36.280067443847656,642.6087646484375,92.72038269042969,2.172097682952881
327,1,0,0.6015831828117371,606.1134033203125,7.557449817657471,636.3884887695312,68.47117614746094,2.2906112670898438
328,0,0,0.6910408139228821,612.9403686523438,8.890036582946777,643.22802734375,64.73368072509766,2.379741907119751
328,1,1,0.3952559232711792,579.8181762695312,39.72925567626953,652.253173828125,95.01480102539062,2.348693609237671
328,2,3,0.30180618166923523,579.9232177734375,40.15153503417969,652.21826171875,94.68578338623047,2.348693609237671
329,0,1,0.7628751397132874,584.8457641601562,40.66582107543945,658.8946533203125,96.33332824707031,2.243199586868286
329,1,0,0.6742640733718872,617.85546875,11.430377960205078,647.4652099609375,71.64424896240234,2.4277145862579346
330,0,1,0.7506186962127686,591.274169921875,44.08740234375,667.6411743164062,98.85234832763672,2.4183082580566406
330,1,0,0.6081717014312744,624.7399291992188,14.041873931884766,653.93017578125,69.98152923583984,2.5418477058410645
331,0,1,0.765654444694519,597.1690063476562,43.04060745239258,675.0811157226562,99.4722900390625,2.248521327972412
331,1,0,0.7386012077331543,632.5838623046875,15.221670150756836,658.4090576171875,73.39464569091797,2.3977184295654297
332,0,1,0.8292997479438782,605.319580078125,48.7636604309082,682.3885498046875,100.65363311767578,2.4369232654571533
332,1,0,0.7063567638397217,636.5671997070312,16.330307006835938,667.0157470703125,73.3458251953125,2.3992700576782227
333,0,1,0.8041802644729614,610.8262939453125,49.80180740356445,690.5511474609375,101.7989273071289,2.388037919998169
333,1,0,0.6397807598114014,645.787353515625,17.024288177490234,673.086181640625,77.66814422607422,2.4962549209594727
334,0,1,0.8645826578140259,618.47607421875,53.043025970458984,697.0582275390625,101.19375610351562,2.4153952598571777
334,1,0,0.6708835363388062,651.2902221679688,18.723413467407227,680.1517333984375,81.51029968261719,2.6056549549102783
335,0,1,0.8745548725128174,625.8181762695312,55.03347396850586,703.6962890625,102.39069366455078,2.4761199951171875
335,1,0,0.5992463827133179,654.7762451171875,20.76687240600586,689.3146362304688,81.9750747680664,2.558521270751953
336,0,1,0.7159636616706848,632.963134765625,54.60246658325195,711.157958984375,104.48658752441406,2.4904708862304688
336,1,0,0.618599534034729,665.2697143554688,23.607954025268555,694.3187255859375,77.04084014892578,2.722532033920288
337,0,1,0.783723771572113,640.3870239257812,54.715171813964844,719.9002075195312,104.24758911132812,2.609408378601074
337,1,0,0.661349892616272,658.8216552734375,24.73200225830078,703.4515991210938,87.34125518798828,2.7103776931762695
338,0,1,0.7278666496276855,647.7747802734375,56.264251708984375,726.1519775390625,105.57854461669922,2.5216715335845947
338,1,0,0.4203925132751465,672.4033203125,25.280466079711914,708.8154907226562,86.10990905761719,2.607532262802124
338,2,0,0.3420064449310303,658.4727783203125,25.42087173461914,709.8510131835938,87.74393463134766,2.3827481269836426
339,0,1,0.7699750065803528,655.0736083984375,56.69965362548828,732.9010620117188,106.66767120361328,2.51133394241333
339,1,0,0.4810587465763092,684.9805908203125,27.577058792114258,716.0789184570312,82.5355224609375,2.6942977905273438
340,0,1,0.8670395016670227,661.669189453125,59.90632629394531,739.1981201171875,106.72610473632812,2.575486660003662
340,1,0,0.6065762042999268,685.3328247070312,27.112775802612305,722.3136596679688,87.02133178710938,2.721881628036499
341,0,1,0.7117235064506531,669.5106201171875,59.1966438293457,746.6776733398438,106.93903350830078,2.4422523975372314
341,1,0,0.6003116965293884,696.13330078125,27.43018913269043,729.6612548828125,85.19595336914062,2.544631242752075
342,0,1,0.7786815166473389,674.77490234375,59.7760009765625,752.2435913085938,107.17418670654297,2.6167545318603516
342,1,0,0.7250462174415588,704.425048828125,29.096229553222656,736.087646484375,86.26646423339844,2.7397894859313965
343,0,1,0.8649907112121582,682.58203125,59.68320083618164,759.07080078125,108.12659454345703,2.524909496307373
343,1,0,0.7434572577476501,708.4000854492188,28.293367385864258,741.9429321289062,88.54402160644531,2.647780418395996
344,0,1,0.7626767158508301,690.1803588867188,60.029396057128906,766.169677734375,107.96189880371094,2.5841121673583984
344,1,0,0.6724440455436707,718.0337524414062,28.658552169799805,749.8621826171875,84.31779479980469,2.7456705570220947
345,0,1,0.8239477872848511,696.5751953125,61.21356964111328,767.5205078125,108.41704559326172,2.5256083011627197
345,1,0,0.6233876943588257,726.693115234375,34.85142135620117,755.4825439453125,90.93896484375,2.568021774291992
346,0,1,0.800110399723053,703.4263305664062,63.31941223144531,767.5823974609375,108.02333068847656,2.5664799213409424
346,1,0,0.4452521800994873,729.8284912109375,32.527278900146484,761.7192993164062,92.02014923095703,2.428791046142578
347,0,1,0.7306747436523438,711.05029296875,66.84221649169922,767.57275390625,107.14739227294922,2.5704689025878906
347,1,0,0.4805358052253723,739.25732421875,34.95258331298828,766.686767578125,77.03904724121094,2.60775089263916
348,0,1,0.6776136159896851,718.6913452148438,64.7569580078125,767.6692504882812,107.1341323852539,2.6775429248809814
348,1,0,0.4575803875923157,746.133544921875,32.7858772277832,767.7001953125,84.945068359375,2.651627540588379
349,0,1,0.2866027057170868,724.3062133789062,70.54195404052734,767.6764526367188,107.39923858642578,2.6777284145355225
484,0,0,0.4390239417552948,0.0,59.71898651123047,17.358287811279297,117.33917236328125,3.015925168991089
485,0,0,0.29940178990364075,0.058687593787908554,51.511444091796875,20.679059982299805,118.05960845947266,3.042891263961792
486,0,0,0.6921713352203369,0.01309661939740181,42.5057373046875,31.154695510864258,118.6088638305664,3.0928287506103516
487,0,0,0.8014132380485535,0.0,42.74110412597656,45.5189094543457,116.34234619140625,2.1129167079925537
488,0,0,0.8491345643997192,3.006582736968994,44.00068664550781,51.414817810058594,116.42263793945312,2.674111843109131
489,0,0,0.8205553293228149,9.666000366210938,42.97474670410156,55.279422760009766,117.18946075439453,3.117792844772339
490,0,0,0.7808386087417603,15.587160110473633,40.48736572265625,52.64627456665039,115.42901611328125,2.989466428756714
491,0,0,0.791439414024353,20.86395263671875,38.91786193847656,52.74124526977539,113.42027282714844,2.976696014404297
492,0,0,0.8202306628227234,26.259294509887695,38.29496383666992,56.369632720947266,116.48594665527344,3.0186996459960938
493,0,0,0.8395400643348694,32.493125915527344,39.03826904296875,66.701904296875,113.49763488769531,3.0257246494293213
494,0,0,0.8200722336769104,36.63224411010742,39.06440353393555,79.27593994140625,112.30713653564453,1.9966286420822144
495,0,0,0.8431973457336426,41.118072509765625,39.46821594238281,84.90573120117188,113.59546661376953,2.0633862018585205
496,0,0,0.8631738424301147,46.174835205078125,39.72268295288086,86.6333999633789,112.9737548828125,3.051396608352661
497,0,0,0.7548661231994629,52.8791389465332,38.595848083496094,88.00858306884766,113.75387573242188,2.9628663063049316
498,0,0,0.7831557989120483,56.86098098754883,37.19403076171875,86.36663055419922,112.59038543701172,3.106505870819092
499,0,0,0.8112590909004211,61.41445541381836,35.94062423706055,93.35379791259766,112.15633392333984,3.0949127674102783
500,0,0,0.8235585689544678,67.88432312011719,35.89946746826172,109.69114685058594,111.3888168334961,2.017141819000244
501,0,0,0.8236467838287354,72.68798828125,37.58714294433594,117.5881576538086,110.89325714111328,3.0125792026519775
502,0,0,0.8191801309585571,74.97591400146484,35.60338592529297,123.45321655273438,111.20780181884766,2.851466655731201
503,0,0,0.8192698359489441,80.80950164794922,34.048309326171875,122.32408905029297,109.68767547607422,3.118074417114258
504,0,0,0.7915669083595276,88.92932891845703,32.718441009521484,119.60587310791016,107.55805969238281,2.9246909618377686
505,0,0,0.7650565505027771,94.23931884765625,31.660547256469727,122.98661804199219,110.14158630371094,3.0633606910705566
506,0,0,0.8229576945304871,99.10076141357422,30.223865509033203,133.72824096679688,108.28485870361328,2.9793105125427246
506,1,36,0.2598489224910736,108.51441955566406,102.68958282470703,136.56607055664062,109.85010528564453,2.5340781211853027
507,0,0,0.8344766497612,105.1434097290039,31.483800888061523,147.73158264160156,107.05963134765625,1.9204869270324707
508,0,0,0.8764737844467163,109.06495666503906,32.2203369140625,152.1604461669922,107.45587158203125,2.392906665802002
509,0,0,0.8144519925117493,111.43769836425781,31.338176727294922,156.3372344970703,106.48088836669922,3.0660409927368164
510,0,0,0.8400863409042358,120.62928009033203,30.589981079101562,154.21917724609375,105.26863861083984,2.886746644973755
511,0,0,0.8396610617637634,125.88037872314453,29.019617080688477,153.25827026367188,103.48312377929688,2.999889612197876
512,0,0,0.7941487431526184,131.3122100830078,26.706830978393555,161.3056182861328,104.96308898925781,2.9719510078430176
513,0,0,0.8048596382141113,136.95849609375,27.213960647583008,179.299072265625,104.05426788330078,2.89711856842041
514,0,0,0.8356425166130066,141.93490600585938,27.284015655517578,185.13223266601562,105.52379608154297,2.8350307941436768
515,0,0,0.846507728099823,145.05999755859375,25.737516403198242,188.39865112304688,105.75098419189453,2.8854100704193115
516,0,0,0.8177480697631836,149.61000061035156,23.14434814453125,190.52330017089844,101.50550842285156,2.877516984939575
517,0,0,0.7429876923561096,158.49771118164062,20.744384765625,187.47894287109375,96.06159210205078,2.8786375522613525
517,1,36,0.283527135848999,161.36349487304688,88.94404602050781,190.43515014648438,99.22393035888672,2.3453431129455566
518,0,0,0.8035274744033813,163.77740478515625,18.750009536743164,191.78170776367188,97.1123046875,2.941105365753174
519,0,0,0.8036946654319763,168.02626037597656,18.405643463134766,202.5492706298828,95.65528106689453,2.912810802459717
520,0,0,0.764058530330658,168.87229919433594,18.053842544555664,217.78028869628906,96.03115844726562,2.9623959064483643
520,1,0,0.2550639510154724,167.9114990234375,18.02973747253418,202.1134033203125,96.40473937988281,3.018887996673584
521,0,0,0.8010774254798889,169.9317626953125,18.07150650024414,222.5819854736328,94.79300689697266,2.8984358310699463
522,0,0,0.7547484040260315,181.36392211914062,16.797382354736328,220.98406982421875,94.46865844726562,2.780052423477173
523,0,0,0.7911955118179321,190.08584594726562,14.555768013000488,219.68484497070312,87.97411346435547,2.365562677383423
523,1,38,0.4440729022026062,167.2826690673828,40.20158386230469,197.2262725830078,59.267818450927734,2.146279811859131
524,0,0,0.7983710765838623,194.3592071533203,12.958303451538086,221.54393005371094,87.66064453125,2.4430649280548096
524,1,38,0.37676799297332764,166.996337890625,41.292728424072266,196.34210205078125,59.0473518371582,1.9839987754821777
525,0,0,0.7948258519172668,198.88214111328125,10.240055084228516,227.8148193359375,87.55308532714844,2.3110511302948
526,0,0,0.788302481174469,201.83448791503906,9.333993911743164,237.4776611328125,88.65612030029297,2.096278429031372
526,1,0,0.31722721457481384,83.12267303466797,381.50457763671875,229.5084991455078,431.8169860839844,9.071003913879395
527,0,0,0.8083145618438721,204.1835174560547,8.62255573272705,243.5962371826172,87.16209411621094,2.1011722087860107
527,1,0,0.6438780426979065,82.15985107421875,370.1651611328125,235.26121520996094,429.4582214355469,8.63767147064209
528,0,0,0.8017791509628296,200.531005859375,6.232452869415283,245.8145294189453,85.22785186767578,1.9657013416290283
528,1,0,0.43784698843955994,64.26972961425781,358.4889221191406,238.40087890625,429.3356628417969,8.14034652709961
529,0,0,0.7054064273834229,212.64540100097656,5.4049072265625,247.7155303955078,77.77467346191406,1.8570300340652466
529,1,2,0.5171912908554077,70.57271575927734,348.088134765625,240.8345489501953,428.0809020996094,7.868048667907715
530,0,0,0.7070913910865784,200.35157775878906,1.0980377197265625,246.4408721923828,77.17293548583984,1.123280644416809
530,1,0,0.5008571147918701,215.23724365234375,1.0006256103515625,246.05755615234375,76.64812469482422,1.8576298952102661
530,2,38,0.34275561571121216,166.98007202148438,42.06755828857422,195.79098510742188,59.84746551513672,1.3454723358154297
531,0,0,0.7377937436103821,222.2126922607422,0.5454872250556946,250.2965545654297,74.79794311523438,1.8262430429458618
531,1,2,0.3920762836933136,76.8702621459961,325.80157470703125,248.04769897460938,430.64874267578125,7.5728983879089355
532,0,0,0.8005959987640381,226.3716278076172,0.15839539468288422,262.4648132324219,73.98993682861328,1.8161886930465698
532,1,2,0.44783854484558105,78.22151184082031,315.2952575683594,253.82421875,429.89349365234375,7.620959281921387
533,0,0,0.8357986807823181,229.81890869140625,0.0,266.62603759765625,73.42877197265625,1.7766776084899902
534,0,0,0.8123077750205994,233.1164093017578,0.0,266.9525451660156,71.64089965820312,1.705051064491272
535,0,0,0.8310911655426025,235.80191040039062,0.0,268.0664978027344,70.02301025390625,1.6367168426513672
536,0,0,0.7760059237480164,241.72845458984375,0.0,268.404052734375,62.79159164428711,1.607234239578247
537,0,0,0.690433919429779,244.86842346191406,0.42002564668655396,271.4676513671875,62.28582763671875,1.5580358505249023
537,1,8,0.31195923686027527,81.06412506103516,268.9783630371094,267.7048645019531,428.15325927734375,7.574490070343018
538,0,0,0.6902864575386047,248.34735107421875,0.1906128078699112,276.647705078125,61.807098388671875,1.472837209701538
538,1,8,0.664353609085083,81.01183319091797,259.465576171875,270.28729248046875,428.3254699707031,7.564677715301514
539,0,0,0.8100477457046509,251.53273010253906,0.0,281.0966491699219,61.64885711669922,1.4391382932662964
539,1,8,0.5922929048538208,81.40544128417969,251.50108337402344,273.3086853027344,428.10931396484375,7.480196475982666
540,0,0,0.7642818689346313,254.4189453125,0.0,283.45281982421875,60.74906921386719,1.3482120037078857
540,1,8,0.5025157928466797,81.1724853515625,243.1923065185547,275.6558837890625,428.0868835449219,7.374471664428711
541,0,0,0.7482530474662781,258.3251037597656,0.26255494356155396,287.054931640625,57.712493896484375,1.3997423648834229
541,1,8,0.3400487005710602,85.23645782470703,235.7019805908203,277.4544372558594,427.8949890136719,7.4924211502075195
541,2,2,0.32597434520721436,84.38276672363281,235.94606018066406,278.2559814453125,427.76104736328125,7.4924211502075195
542,0,0,0.6703414916992188,262.2286376953125,0.2102966457605362,288.30206298828125,47.36272430419922,1.3449496030807495
542,1,8,0.6133383512496948,88.44825744628906,227.8366241455078,280.11834716796875,428.2735290527344,7.414116382598877
542,2,2,0.31353574991226196,88.77684783935547,227.92335510253906,280.51348876953125,428.49322509765625,7.4150285720825195
543,0,0,0.5240300297737122,266.514404296875,0.03208465874195099,289.9639892578125,45.851768493652344,1.0775654315948486
543,1,8,0.4073716402053833,92.35531616210938,219.76307678222656,281.76123046875,428.12042236328125,7.505675315856934
543,2,2,0.3501299023628235,92.3880615234375,219.43113708496094,282.2850036621094,428.2655334472656,7.4924397468566895
544,0,2,0.7713271975517273,96.9269027709961,211.06033325195312,283.422607421875,428.76116943359375,7.519586563110352
544,1,0,0.6014023423194885,269.91796875,0.20188751816749573,294.7484130859375,42.4578857421875,1.0056238174438477
545,0,2,0.755260705947876,101.78298950195312,204.08641052246094,285.9279479980469,429.25958251953125,7.504871845245361
545,1,0,0.6793486475944519,270.7667541503906,0.594067394733429,298.3182678222656,42.64558410644531,0.9685275554656982
546,0,0,0.688151478767395,272.0956115722656,0.5101959705352783,299.98175048828125,41.54106521606445,0.9720506072044373
546,1,2,0.552375853061676,106.80421447753906,196.95936584472656,285.89337158203125,421.6952819824219,7.365013122558594
546,2,0,0.35910114645957947,511.8624267578125,0.0,545.9204711914062,43.73167037963867,1.423052430152893
547,0,0,0.6956976652145386,272.1685791015625,1.0300323963165283,300.28094482421875,40.64594650268555,0.9984862208366394
547,1,0,0.5824601650238037,512.5972900390625,0.0,546.8165893554688,45.8332405090332,1.3836227655410767
547,2,5,0.42161041498184204,112.57569885253906,189.6350860595703,286.72674560546875,412.47174072265625,7.413812637329102
548,0,0,0.5154291391372681,274.8694763183594,0.4923843443393707,300.5865783691406,36.3868408203125,1.0407365560531616
548,1,2,0.37658125162124634,117.2656021118164,180.7284393310547,287.0206298828125,399.0272521972656,7.150637149810791
549,0,2,0.4603325128555298,123.42572784423828,175.01390075683594,287.7502136230469,386.2791748046875,6.9256272315979
549,1,0,0.26925045251846313,514.5335693359375,0.0,550.5029296875,50.69258499145508,1.5146580934524536
550,0,2,0.3299087882041931,127.22876739501953,165.99012756347656,286.8060607910156,375.49176025390625,6.784655570983887
550,1,5,0.30095118284225464,126.89862060546875,165.92198181152344,286.8772888183594,375.57122802734375,6.798349857330322
551,0,2,0.4866722524166107,131.61300659179688,159.1680908203125,286.06072998046875,363.1415100097656,6.5912766456604
552,0,0,0.3840336501598358,519.25537109375,0.0,560.9407348632812,58.39028549194336,1.6697983741760254
552,1,2,0.36296477913856506,136.01206970214844,151.65966796875,284.3404541015625,350.193115234375,6.484462261199951
553,0,2,0.4496772289276123,141.17384338378906,144.07852172851562,282.71966552734375,338.23687744140625,6.316080093383789
554,0,5,0.36155426502227783,143.92181396484375,136.4363555908203,279.7477111816406,326.302978515625,6.044989585876465
555,0,2,0.2775338888168335,147.89178466796875,128.85414123535156,277.8197326660156,316.4036865234375,5.789839267730713
555,1,1,0.2677735686302185,523.4030151367188,5.965418338775635,569.4337768554688,66.18456268310547,1.7593481540679932
556,0,2,0.3430894613265991,150.81765747070312,121.43346405029297,275.17242431640625,306.8323059082031,5.7145891189575195
557,0,2,0.3781055808067322,151.86712646484375,115.13408660888672,272.40234375,297.3502197265625,5.556651592254639
558,0,2,0.42823201417922974,154.775390625,110.98180389404297,270.4185485839844,286.856689453125,5.4295830726623535
558,1,0,0.4009833335876465,531.4713134765625,0.2323608547449112,582.5704956054688,74.77131652832031,1.8910490274429321
559,0,2,0.30861231684684753,155.76113891601562,104.5896224975586,267.7049255371094,275.6159362792969,5.247803688049316
559,1,0,0.29418110847473145,533.1678466796875,0.26048585772514343,586.162841796875,77.318359375,1.9578006267547607
560,0,2,0.37755638360977173,145.5731658935547,97.53614807128906,268.200439453125,266.9832458496094,5.001094818115234
561,0,67,0.43110889196395874,139.95481872558594,92.08267211914062,266.16046142578125,257.80120849609375,4.87624979019165
561,1,2,0.4000251889228821,140.66061401367188,92.30459594726562,266.110107421875,256.92352294921875,4.868038654327393
562,0,2,0.41361406445503235,135.28099060058594,86.39225006103516,264.7964782714844,249.63267517089844,4.8322834968566895
562,1,0,0.3276118040084839,572.8521728515625,3.423065423965454,600.8214111328125,62.817527770996094,1.8748252391815186
562,2,0,0.2720770537853241,545.9625854492188,2.8839845657348633,602.9061889648438,64.71434783935547,1.9225903749465942
563,0,2,0.5572997331619263,127.4835433959961,80.27601623535156,260.5032958984375,240.97610473632812,4.795276641845703
563,1,1,0.5566608309745789,549.3017578125,26.27555274963379,610.5145874023438,86.6973876953125,2.0722901821136475
563,2,0,0.3523018956184387,577.6080322265625,2.8230791091918945,605.939453125,55.186649322509766,2.044599771499634
564,0,2,0.6001849174499512,119.64181518554688,76.60961151123047,258.7664489746094,232.24623107910156,4.681541919708252
564,1,0,0.3563118875026703,585.104736328125,4.3093461990356445,610.5614013671875,53.68846130371094,2.1521811485290527
565,0,2,0.6733015775680542,111.54366302490234,73.55573272705078,255.56187438964844,222.79425048828125,4.882559299468994
565,1,1,0.5696032047271729,558.1298217773438,33.720001220703125,623.5556030273438,90.63072204589844,2.1707749366760254
565,2,0,0.4399788975715637,590.1267700195312,3.6196177005767822,615.7389526367188,55.24509048461914,2.1791629791259766
566,0,2,0.7732638716697693,103.8394546508789,69.8536376953125,251.34730529785156,214.72625732421875,4.701908111572266
566,1,1,0.6878328919410706,561.453125,36.66253662109375,630.9271240234375,91.9898681640625,2.1289045810699463
566,2,0,0.6146027445793152,591.0084228515625,4.387205123901367,623.607421875,66.3285140991211,2.2256855964660645
567,0,2,0.8502948880195618,93.17973327636719,66.25367736816406,246.44224548339844,206.60565185546875,4.674211502075195
567,1,1,0.8004584312438965,566.6622314453125,37.981292724609375,637.9198608398438,93.60916137695312,2.1851329803466797
567,2,0,0.6852459907531738,596.7256469726562,7.746277332305908,629.0494995117188,66.72781372070312,2.2192206382751465
568,0,2,0.827150821685791,81.454833984375,63.69536209106445,240.79315185546875,201.8786163330078,4.611687183380127
568,1,1,0.7486549615859985,571.7333984375,39.357444763183594,645.6173095703125,94.3614501953125,2.1080005168914795
568,2,0,0.4881531894207001,602.9786376953125,8.347156524658203,636.427490234375,74.10012817382812,2.3029489517211914
568,3,0,0.39498329162597656,605.4125366210938,16.937559127807617,631.4591064453125,62.13481140136719,2.3029489517211914
569,0,2,0.871616780757904,71.896240234375,62.79303741455078,235.01205444335938,195.12051391601562,4.545872688293457
569,1,1,0.7446503043174744,578.1021728515625,38.80210876464844,653.9599609375,95.98052978515625,2.1054463386535645
569,2,0,0.6610996723175049,610.1176147460938,10.260976791381836,639.9666748046875,73.27980041503906,2.2367334365844727
570,0,2,0.8600546717643738,60.74515151977539,61.145751953125,228.32699584960938,189.78628540039062,4.557730197906494
570,1,0,0.6929561495780945,614.9035034179688,11.788723945617676,646.40380859375,74.53973388671875,2.3385257720947266
570,2,1,0.6334071755409241,582.1815185546875,41.05564498901367,660.4459228515625,97.6350326538086,2.233415365219116
571,0,2,0.9009349346160889,48.60673904418945,58.94166946411133,220.73306274414062,184.5160675048828,4.492591857910156
571,1,1,0.6932284235954285,588.8991088867188,44.37806701660156,665.8585205078125,99.48113250732422,2.2385334968566895
571,2,0,0.6068676710128784,622.9862670898438,12.142218589782715,651.452880859375,75.36048126220703,2.392453670501709
572,0,2,0.8083791136741638,38.23786163330078,57.434471130371094,214.10963439941406,179.24147033691406,4.332727909088135
572,1,1,0.7245767116546631,596.5702514648438,47.20512390136719,673.0094604492188,99.64744567871094,2.3846447467803955
572,2,0,0.5950172543525696,627.0682983398438,13.699869155883789,658.3699340820312,77.75110626220703,2.4654369354248047
572,3,0,0.3227401375770569,628.8253784179688,15.245737075805664,657.75927734375,63.56997299194336,2.50966477394104
573,0,2,0.8418354392051697,25.395282745361328,55.37785339355469,206.13465881347656,176.86399841308594,4.207709312438965
573,1,1,0.763171911239624,601.344482421875,48.30986404418945,679.934814453125,101.61540222167969,2.3645823001861572
573,2,0,0.6362185478210449,632.140869140625,15.679425239562988,664.296875,73.8368148803711,2.468532085418701
574,0,2,0.9115822911262512,15.126160621643066,53.94296646118164,198.0504913330078,174.7086944580078,4.085727214813232
574,1,1,0.7355563044548035,607.9578857421875,50.684200286865234,686.5948486328125,101.57337188720703,2.2345850467681885
574,2,0,0.5386183857917786,640.4570922851562,17.550128936767578,671.5674438476562,76.50996398925781,2.361168146133423
574,3,0,0.3487359881401062,634.7459106445312,22.109703063964844,670.5184326171875,82.74156188964844,2.330547332763672
575,0,2,0.9348329901695251,2.089984178543091,53.04818344116211,190.39309692382812,170.99896240234375,4.031523704528809
575,1,1,0.8432283997535706,614.300048828125,52.39971160888672,694.06005859375,101.68775177001953,2.4100215435028076
575,2,0,0.6073769927024841,645.9075927734375,18.688907623291016,677.5399780273438,79.19822692871094,2.4310414791107178
576,0,2,0.9499204754829407,0.24495850503444672,52.00819778442383,181.72610473632812,166.63912963867188,4.072571754455566
576,1,1,0.8343807458877563,620.9965209960938,54.49446105957031,700.403076171875,101.52719116210938,2.380836248397827
576,2,0,0.593648374080658,651.325439453125,19.01663589477539,683.8504028320312,85.25656127929688,2.5155324935913086
577,0,2,0.9457694292068481,0.14901123940944672,51.67985534667969,173.2841339111328,164.7572479248047,4.024050235748291
577,1,1,0.5733063220977783,627.9618530273438,54.46588134765625,708.4503173828125,103.40605163574219,2.536433696746826
577,2,0,0.4408872425556183,642.9356689453125,21.923053741455078,690.707763671875,84.72443389892578,2.601720094680786
577,3,0,0.41594889760017395,659.1375122070312,21.143537521362305,691.2512817382812,81.61299133300781,2.6623477935791016
578,0,2,0.9278370141983032,0.16823731362819672,50.74514389038086,163.01539611816406,162.08486938476562,3.949193000793457
578,1,1,0.6861718893051147,634.8883666992188,55.60149383544922,712.1884765625,103.58271026611328,2.5758683681488037
578,2,0,0.3182069957256317,666.4492797851562,25.945697784423828,695.8150024414062,72.41946411132812,2.7016377449035645
579,0,2,0.9370530843734741,0.0380859375,50.81887435913086,154.16375732421875,160.01959228515625,3.888951539993286
579,1,1,0.8267067074775696,640.310302734375,57.85618209838867,718.1742553710938,102.95414733886719,2.549229145050049
579,2,0,0.5361932516098022,670.0286865234375,31.701791763305664,699.7206420898438,87.21138763427734,2.6461808681488037
580,0,2,0.950326144695282,0.02303466945886612,50.8126335144043,144.3035888671875,159.13182067871094,3.7960290908813477
580,1,1,0.7597784996032715,646.31591796875,59.81593704223633,723.9515991210938,103.57842254638672,2.511427402496338
580,2,0,0.5571027994155884,677.5819702148438,30.399930953979492,711.8154907226562,81.81785583496094,2.6428496837615967
581,0,2,0.9384395480155945,0.2817627191543579,51.97392272949219,135.56130981445312,157.30123901367188,3.9036450386047363
581,1,1,0.8097083568572998,653.3757934570312,59.41494369506836,729.5968627929688,103.42498779296875,2.5896072387695312
581,2,0,0.6943090558052063,680.1138916015625,25.65746307373047,713.7666015625,86.27400207519531,2.7398123741149902
582,0,2,0.9417575001716614,0.2567688226699829,52.29054641723633,126.05929565429688,156.15650939941406,3.8436901569366455
582,1,1,0.7839577794075012,659.1173095703125,60.719112396240234,735.9193725585938,104.58940887451172,2.5033915042877197
582,2,0,0.7653804421424866,686.233642578125,24.988569259643555,721.2158203125,85.55403900146484,2.589099645614624
583,0,2,0.9403296113014221,0.27019959688186646,53.0757942199707,116.19205474853516,155.356201171875,3.824859142303467
583,1,1,0.8347172737121582,666.381591796875,58.75369644165039,741.9977416992188,103.81798553466797,2.5089941024780273
583,2,0,0.6413233280181885,694.8832397460938,25.59947395324707,727.38037109375,82.40540313720703,2.7025303840637207
584,0,2,0.9177195429801941,0.004687500186264515,54.97377395629883,107.4068832397461,155.23294067382812,3.790257215499878
584,1,1,0.7633962631225586,671.9357299804688,56.93162155151367,748.1500854492188,104.30611419677734,2.457308530807495
584,2,0,0.7000962495803833,696.8670043945312,24.42045783996582,731.7333374023438,84.46947479248047,2.563565254211426
585,0,2,0.9298637509346008,0.3830932676792145,55.68247985839844,96.76617431640625,154.2568817138672,3.9064300060272217
585,1,1,0.8167933225631714,677.2481079101562,58.483375549316406,752.5882568359375,103.6733169555664,2.45880126953125
585,2,0,0.7376216650009155,704.69677734375,25.2541446685791,738.192626953125,87.28811645507812,2.6899161338806152
586,0,2,0.9308046698570251,0.37445068359375,56.45387268066406,87.54966735839844,154.67974853515625,3.8412156105041504
586,1,1,0.6964279413223267,683.603515625,56.09744644165039,758.7959594726562,104.22676086425781,2.5758213996887207
586,2,0,0.6617040634155273,708.0694580078125,26.900217056274414,745.162841796875,86.8568115234375,2.6294240951538086
587,0,2,0.930046021938324,0.2321777492761612,57.97560119628906,77.45660400390625,154.4745330810547,3.7876858711242676
587,1,1,0.6674835085868835,690.1884155273438,57.80192947387695,766.0409545898438,104.01744079589844,2.5504250526428223
587,2,0,0.6479290723800659,715.8096923828125,27.720247268676758,749.6695556640625,83.3367919921875,2.624483823776245
588,0,2,0.9244017004966736,0.28027498722076416,58.309566497802734,67.28147888183594,156.15252685546875,3.7009639739990234
588,1,1,0.841246485710144,696.39794921875,58.5569953918457,767.2045288085938,104.19326782226562,2.595335006713867
588,2,0,0.6612168550491333,726.1310424804688,27.51209259033203,757.4964599609375,85.39865112304688,2.6923093795776367
589,0,2,0.8463979959487915,0.3436523675918579,61.50727462768555,57.91413879394531,155.918212890625,3.5814766883850098
589,1,1,0.7154721021652222,702.4712524414062,64.41801452636719,767.5695190429688,105.61100006103516,2.48786997795105
589,2,0,0.5618257522583008,730.7037963867188,27.893373489379883,762.717041015625,84.6407470703125,2.473466396331787
590,0,1,0.7551457285881042,709.7415771484375,65.8465576171875,767.3257446289062,105.46463775634766,2.52791428565979
590,1,2,0.6318017840385437,0.19707642495632172,62.99211120605469,48.17644119262695,154.6916961669922,3.4347658157348633
590,2,0,0.45732060074806213,739.207763671875,32.55978012084961,762.8743896484375,76.52191925048828,2.665900945663452
590,3,0,0.3615260124206543,737.3645629882812,28.25165557861328,767.7911376953125,81.53291320800781,2.670043706893921
591,0,1,0.6834695935249329,715.44287109375,64.52703094482422,767.5069580078125,104.87772369384766,2.5560529232025146
591,1,0,0.44588038325309753,742.6024169921875,32.92581558227539,767.73828125,78.55421447753906,2.6409599781036377
592,0,1,0.5449227094650269,721.5540771484375,60.370418548583984,767.6018676757812,103.47037506103516,2.6025002002716064
592,1,0,0.3560347259044647,747.0206909179688,32.46805191040039,767.69140625,77.89688110351562,2.616530656814575
