frame_idx,obj1_idx,obj1_class,obj1_conf,obj2_idx,obj2_class,obj2_conf,pair_type,d1,d2,delta_theta_deg,distance_cosines,distance_3d,cx1,cy1,cx2,cy2
76,0,person,0.6931606531143188,1,person,0.5963007807731628,person-person,4.219170093536377,4.387677192687988,0.18437384760007164,0.169074951405306,0.2214500629298517,732.9953002929688,165.08793640136716,735.6151123046875,154.8741798400879
80,0,person,0.7073466777801514,1,person,0.445805549621582,person-person,4.103204727172852,3.283918619155884,0.5731432225936771,0.8201085579904822,0.9800140447657277,748.6773986816406,149.70984268188477,740.4149475097656,149.71719741821286
174,0,person,0.3101163804531097,1,sports ball,0.3014648556709289,person-sports ball,8.328256607055664,8.323356628417969,0.00624743851055825,0.004983367360440479,0.01304498165765124,181.35647583007812,386.1407012939453,181.2821922302246,385.3495788574219
175,0,sports ball,0.4878749549388885,1,person,0.460170179605484,sports ball-person,7.879279136657715,7.900671482086182,0.0903923492818123,0.024750236406823018,0.032231231127574284,183.4274444580078,379.69981384277344,182.35428619384766,380.2066650390625
199,0,cell phone,0.4137362241744995,1,car,0.3583613932132721,cell phone-car,5.649417877197266,5.637482643127441,0.02337132917674631,0.012155205233171179,0.016353919215432534,176.76903533935547,232.39437103271484,177.04812622070312,231.44447326660156
200,0,car,0.4482446312904358,1,cell phone,0.2868908047676086,car-cell phone,5.615287780761719,5.6139235496521,0.019762548362644138,0.0023688688993095276,0.003588103807840144,172.63213348388672,226.09600830078125,172.8691062927246,226.3193130493164
201,0,car,0.4246703684329986,1,cell phone,0.402602881193161,car-cell phone,5.669162273406982,5.669162273406982,0.008572735184535708,0.0008482339741365505,0.0011074386456439793,167.86505126953125,220.51099395751953,167.7617416381836,220.57208251953125
218,0,car,0.8831043243408203,1,kite,0.2743525207042694,car-kite,5.15316104888916,7.472431182861328,41.56185768391573,4.976734390603289,5.894137004461143,71.84538269042969,168.204833984375,544.3640747070312,422.62306213378906
219,0,car,0.9109888076782228,1,kite,0.3122414052486419,car-kite,5.080944061279297,7.51218843460083,41.8362424981105,5.037162268730272,5.949749216421669,68.12527008354664,167.1033058166504,544.3562622070312,422.460693359375
220,0,car,0.9063129425048828,1,kite,0.3558839857578277,car-kite,5.036055088043213,7.426872253417969,42.14094937938425,5.0053145784821185,5.911144264621645,63.94363250769675,166.5101318359375,544.3233642578125,422.4810333251953
221,0,car,0.9168861508369446,1,kite,0.3868032395839691,car-kite,5.075901985168457,7.469664096832275,42.44393862726995,5.059881946870898,5.975610587639147,59.852310944348574,165.69261550903323,544.3658447265625,422.5041961669922
222,0,car,0.905998468399048,1,kite,0.324099600315094,car-kite,5.107297420501709,7.46486759185791,42.72727987042116,5.078945214314972,6.001632932779038,55.98643493652344,165.02398681640625,544.3894348144531,422.52362060546875
223,0,car,0.9046466946601868,1,kite,0.2898290157318115,car-kite,5.079147338867188,7.480574131011963,42.99773886089286,5.116561779969439,6.038930155643688,52.12323074415326,164.9388885498047,544.2844848632812,422.9996643066406
224,0,car,0.8777748346328735,1,kite,0.3833033442497253,car-kite,5.177753448486328,7.488077640533447,43.293879540872226,5.14209983967252,6.077282152974049,48.24632568657398,164.9810028076172,544.4792175292969,422.68052673339844
225,0,car,0.9163551926612854,1,kite,0.4256879687309265,car-kite,5.002128601074219,7.420524597167969,43.57314542320887,5.128475245767556,6.033659326631916,44.243546299636364,165.6638298034668,544.3946228027344,422.5408477783203
226,0,car,0.9257206320762634,1,kite,0.4137024283409118,car-kite,4.902100563049316,7.475479602813721,43.901583280070696,5.206227233461801,6.097812331253781,39.72375336289406,165.9099464416504,544.4708862304688,422.45143127441406
227,0,car,0.9158939719200134,1,kite,0.4111457169055938,car-kite,4.898958206176758,7.510076522827148,44.23234097617534,5.260940912160398,6.156641223649363,35.71703644096851,165.50376510620117,545.0115356445312,422.55096435546875
228,0,car,0.8699501156806946,1,kite,0.417598009109497,car-kite,4.84503698348999,7.495556831359863,44.51117028767589,5.278495839348005,6.161910376127426,31.573686607182026,166.31023025512695,544.865478515625,422.29908752441406
229,0,car,0.6930566430091858,1,kite,0.364319384098053,car-kite,4.663026332855225,7.41274881362915,44.80730889104207,5.2578562834332745,6.113345506199691,27.384870529174805,166.33985519409177,544.9008178710938,422.24644470214844
230,0,car,0.3733754456043243,1,kite,0.2633839845657348,car-kite,4.639464378356934,7.513364315032959,45.02596616350323,5.357329782676423,6.209227574356822,23.71163673698902,166.50103378295898,544.47802734375,421.9322052001953
320,0,bicycle,0.3497740924358368,1,person,0.3043492138385772,bicycle-person,2.0350563526153564,2.199927806854248,0.8759603754057046,0.16801488639820117,0.2314130174992357,569.5341796875,48.03005313873291,579.832275390625,22.26484340429306
322,0,bicycle,0.4506807029247284,1,person,0.2570021152496338,bicycle-person,2.192857027053833,2.1357693672180176,0.9363551267627092,0.06715511667997949,0.0939059196335721,579.0086364746094,55.04309940338135,590.1195983886719,30.118790447711945
323,0,bicycle,0.5557695627212524,1,person,0.3620122969150543,bicycle-person,2.2016425132751465,1.9816138744354248,0.11530633130423458,0.22006878813300318,0.2336797065275492,585.0384826660156,57.519673347473145,583.6705322265625,34.077333092689514
323,0,bicycle,0.5557695627212524,2,person,0.2721866071224212,bicycle-person,2.2016425132751465,2.2590444087982178,1.0387206034913532,0.07021096175275347,0.16311696277164617,585.0384826660156,57.519673347473145,597.4445190429688,23.8951176404953
323,1,person,0.3620122969150543,2,person,0.2721866071224212,person-person,1.9816138744354248,2.2590444087982178,1.1540269347955878,0.2806843440376456,0.3333082311280803,583.6705322265625,34.077333092689514,597.4445190429688,23.8951176404953
324,0,person,0.5431286692619324,1,bicycle,0.4882117211818695,person-bicycle,2.255143404006958,2.185034275054932,0.8873245200982255,0.0780838553949606,0.15986062741794813,602.087646484375,27.712785005569458,591.4314575195312,58.00681114196777
324,0,person,0.5431286692619324,2,person,0.3478643596172333,person-person,2.255143404006958,2.2075366973876958,0.01770038890789058,0.04761169640103372,0.06788260653423879,602.087646484375,27.712785005569458,602.3013916015625,36.35002565383911
324,0,person,0.5431286692619324,3,motorcycle,0.3170286417007446,person-motorcycle,2.255143404006958,2.185034275054932,0.9251657057600078,0.07874029759832936,0.1595610750501473,602.087646484375,27.712785005569458,590.9795227050781,57.678842544555664
324,1,bicycle,0.4882117211818695,2,person,0.3478643596172333,bicycle-person,2.185034275054932,2.2075366973876958,0.9050249090061161,0.041350001234692325,0.0983446914912059,591.4314575195312,58.00681114196777,602.3013916015625,36.35002565383911
324,1,bicycle,0.4882117211818695,3,motorcycle,0.3170286417007446,bicycle-motorcycle,2.185034275054932,2.185034275054932,0.03784118566178228,0.0014431130333192896,0.0019858708732995046,591.4314575195312,58.00681114196777,590.9795227050781,57.678842544555664
324,2,person,0.3478643596172333,3,motorcycle,0.3170286417007446,person-motorcycle,2.2075366973876958,2.185034275054932,0.9428660946678984,0.042574211177795675,0.0981354709045202,602.3013916015625,36.35002565383911,590.9795227050781,57.678842544555664
325,0,bicycle,0.5817850828170776,1,person,0.4894734621047973,bicycle-person,2.1950509548187256,2.3203086853027344,0.8750331883030666,0.12991310558792424,0.20941220007790398,597.2085266113281,59.731271743774414,607.778564453125,29.602896213531494
325,0,bicycle,0.5817850828170776,2,person,0.3511365950107574,bicycle-person,2.1950509548187256,2.2624967098236084,0.75095911547204,0.07349868590354129,0.1330751400849807,597.2085266113281,59.731271743774414,606.2727661132812,37.32131290435791
325,1,person,0.4894734621047973,2,person,0.3511365950107574,person-person,2.3203086853027344,2.2624967098236084,0.12407407283102666,0.058024498038281615,0.07850058605411782,607.778564453125,29.602896213531494,606.2727661132812,37.32131290435791
326,0,person,0.5809254050254822,1,bicycle,0.5015864372253418,person-bicycle,2.398465633392334,2.258882522583008,0.8228225361933409,0.14352974775974375,0.21650527714795711,612.1691284179688,35.441295862197876,602.1814575195312,62.31318855285644
326,0,person,0.5809254050254822,2,motorcycle,0.2937274575233459,person-motorcycle,2.398465633392334,2.258882522583008,0.8633085899507245,0.1439216687643245,0.21655192554083869,612.1691284179688,35.441295862197876,601.6926879882812,62.01898193359375
326,1,bicycle,0.5015864372253418,2,motorcycle,0.2937274575233459,bicycle-motorcycle,2.258882522583008,2.258882522583008,0.04048605375738347,0.0015961601030730361,0.002097426274970141,602.1814575195312,62.31318855285644,601.6926879882812,62.01898193359375
327,0,bicycle,0.661234438419342,1,person,0.6015831828117371,bicycle-person,2.172097682952881,2.290611267089844,1.047835752572165,0.12533752211350202,0.19677356778648344,608.4283447265625,64.50022506713867,621.2509460449219,38.014312982559204
328,0,person,0.6910408139228821,1,bicycle,0.3952559232711792,person-bicycle,2.379741907119751,2.348693609237671,0.9769046208663181,0.05088039867199758,0.14219433239359536,628.0841979980469,36.81185865402222,616.0356750488281,67.37202835083008
328,0,person,0.6910408139228821,2,motorcycle,0.3018061816692352,person-motorcycle,2.379741907119751,2.348693609237671,0.9740428940370958,0.05078690495323874,0.14229722866390865,628.0841979980469,36.81185865402222,616.0707397460938,67.41865921020508
328,1,bicycle,0.3952559232711792,2,motorcycle,0.3018061816692352,bicycle-motorcycle,2.348693609237671,2.348693609237671,0.002861726829222365,0.00011730915655306103,0.00022303243380237907,616.0356750488281,67.37202835083008,616.0707397460938,67.41865921020508
329,0,bicycle,0.7628751397132874,1,person,0.6742640733718872,bicycle-person,2.243199586868286,2.4277145862579346,0.8698560483215628,0.1878855157501412,0.2642145052667181,621.8702087402344,68.49957466125488,632.6603393554688,41.53731346130371
330,0,bicycle,0.7506186962127686,1,person,0.6081717014312744,bicycle-person,2.4183082580566406,2.5418477058410645,0.7899075019011211,0.12818078784015707,0.21490063121169434,629.4576721191406,71.46987533569336,639.3350524902344,42.011701583862305
331,0,bicycle,0.765654444694519,1,person,0.7386012077331543,bicycle-person,2.248521327972412,2.3977184295654297,0.7439458937431835,0.15221267010848155,0.2269633496801569,636.1250610351562,71.25644874572754,645.4964599609375,44.3081579208374
332,0,bicycle,0.8292997479438782,1,person,0.7063567638397217,bicycle-person,2.4369232654571533,2.3992700576782227,0.6249652490474417,0.04597175033661779,0.11535250092082146,643.8540649414062,74.70864677429199,651.7914733886719,44.83806610107422
333,0,bicycle,0.8041802644729614,1,person,0.6397807598114014,bicycle-person,2.388037919998169,2.4962549209594727,0.6828770170899706,0.1120610899757701,0.1954585852974358,650.688720703125,75.80036735534668,659.436767578125,47.34621620178223
334,0,bicycle,0.8645826578140259,1,person,0.6708835363388062,bicycle-person,2.4153952598571777,2.6056549549102783,0.6158729106246205,0.19216119476804316,0.27396279204785867,657.7671508789062,77.1183910369873,665.7209777832031,50.11685657501221
335,0,bicycle,0.8745548725128174,1,person,0.5992463827133179,bicycle-person,2.4761199951171875,2.558521270751953,0.5597263810333878,0.08599164981121073,0.17002761466815364,664.7572326660156,78.71208381652832,672.0454406738281,51.37097358703613
336,0,bicycle,0.7159636616706848,1,person,0.618599534034729,bicycle-person,2.4904708862304688,2.722532033920288,0.5883699874236004,0.23359661143066826,0.3272460414690251,672.060546875,79.54452705383301,679.7942199707031,50.32439708709717
337,0,bicycle,0.783723771572113,1,person,0.661349892616272,bicycle-person,2.609408378601074,2.710377693176269,0.07509733454812352,0.10102946335801317,0.16985180527600507,680.1436157226562,79.48138046264648,681.1366271972656,56.03662872314453
338,0,bicycle,0.7278666496276855,1,person,0.4203925132751465,bicycle-person,2.5216715335845947,2.607532262802124,0.2728617546436143,0.08672480743789214,0.16301719927210476,686.96337890625,80.9213981628418,690.6094055175781,55.69518756866455
338,0,bicycle,0.7278666496276855,2,person,0.3420064449310303,bicycle-person,2.5216715335845947,2.3827481269836426,0.21053264335821584,0.13921508125848775,0.17226607322055046,686.96337890625,80.9213981628418,684.1618957519531,56.5824031829834
338,1,person,0.4203925132751465,2,person,0.3420064449310303,person-person,2.607532262802124,2.3827481269836426,0.4833943980018301,0.22576570377736851,0.2705578573973523,690.6094055175781,55.69518756866455,684.1618957519531,56.5824031829834
339,0,bicycle,0.7699750065803528,1,person,0.4810587465763092,bicycle-person,2.51133394241333,2.694297790527344,0.48423159112027764,0.1842798427124714,0.26961620558900246,693.9873352050781,81.68366241455078,700.5297546386719,55.05629062652588
340,0,bicycle,0.8670395016670227,1,person,0.6065762042999268,bicycle-person,2.575486660003662,2.721881628036499,0.24926620529178228,0.14684743057417166,0.226895019798121,700.4336547851562,83.31621551513672,703.8232421875,57.06705379486084
341,0,bicycle,0.7117235064506531,1,person,0.6003116965293884,bicycle-person,2.4422523975372314,2.544631242752075,0.3492808902575475,0.10350061931979783,0.18335906902353097,708.0941467285156,83.06783866882324,712.8972778320312,56.31307125091553
342,0,bicycle,0.7786815166473389,1,person,0.7250462174415588,bicycle-person,2.616754531860352,2.7397894859313965,0.4864133671647627,0.12511716784952653,0.2107291829230648,713.5092468261719,83.47509384155273,720.25634765625,57.68134689331055
343,0,bicycle,0.8649907112121582,1,person,0.7434572577476501,bicycle-person,2.524909496307373,2.647780418395996,0.3106332951490016,0.12366798388924434,0.20266300718395294,720.826416015625,83.90489768981934,725.1715087890625,58.418694496154785
344,0,bicycle,0.7626767158508301,1,person,0.6724440455436707,bicycle-person,2.5841121673583984,2.7456705570220947,0.40812699417095133,0.16266872457921572,0.25392259377799004,728.1750183105469,83.99564743041992,733.9479675292969,56.488173484802246
345,0,bicycle,0.8239477872848511,1,person,0.6233876943588257,bicycle-person,2.52560830116272,2.568021774291992,0.6341878392684177,0.05092648461761182,0.12551963215469908,732.0478515625,84.8153076171875,741.0878295898438,62.895193099975586
346,0,bicycle,0.800110399723053,1,person,0.4452521800994873,bicycle-person,2.5664799213409424,2.428791046142578,0.7163238887329826,0.14118262530415007,0.15627174331459823,735.5043640136719,85.67137145996094,745.7738952636719,62.273714065551765
347,0,bicycle,0.7306747436523438,1,person,0.4805358052253723,bicycle-person,2.57046890258789,2.60775089263916,0.9454447396190208,0.05670171503281155,0.16476954355988768,739.3115234375,86.99480438232422,752.9720458984375,55.99581527709961
348,0,bicycle,0.6776136159896851,1,person,0.4575803875923157,bicycle-person,2.677542924880981,2.651627540588379,0.9454207037400936,0.051035884223839305,0.12258210486450509,743.1802978515625,85.9455451965332,756.9168701171875,58.8654727935791
506,0,person,0.8229576945304871,1,skateboard,0.2598489224910736,person-skateboard,2.9793105125427246,2.5340781211853027,0.4819230800450618,0.44583181572780367,0.5597819142901135,116.41450119018555,69.25436210632324,122.54024505615234,106.26984405517578
517,0,person,0.7429876923561096,1,skateboard,0.283527135848999,person-skateboard,2.8786375522613525,2.3453431129455566,0.24317517079411471,0.5334084491843131,0.6298182322434678,172.9883270263672,58.40298843383789,175.89932250976562,94.08398818969727
520,0,person,0.764058530330658,1,person,0.2550639510154724,person-person,2.9623959064483643,3.018887996673584,0.7044609036239234,0.06740387961621422,0.08239606409387741,193.3262939453125,57.042500495910645,185.012451171875,57.21723842620849
523,0,person,0.7911955118179321,1,tennis racket,0.4440729022026062,person-tennis racket,2.365562677383423,2.146279811859131,1.9253382968786785,0.23198607112619238,0.22620941135486616,204.88534545898438,51.26494073867798,182.2544708251953,49.73470115661621
524,0,person,0.7983710765838623,1,tennis racket,0.3767679929733276,person-tennis racket,2.4430649280548096,1.9839987754821775,2.2384841136440734,0.4670537600137651,0.4776348078156466,207.95156860351562,50.30947399139404,181.66921997070312,50.170040130615234
526,0,person,0.788302481174469,1,person,0.3172272145748138,person-person,2.096278429031372,9.071003913879396,5.358421429733503,6.986629368082415,8.243037078299656,219.65607452392578,48.995057106018066,156.3155860900879,406.66078186035156
527,0,person,0.8083145618438721,1,person,0.6438780426979065,person-person,2.1011722087860107,8.63767147064209,5.530889262691912,6.549413289298006,7.71805972389786,223.88987731933594,47.892324924468994,158.71053314208984,399.8116912841797
528,0,person,0.8017791509628296,1,person,0.4378469884395599,person-person,1.9657013416290283,8.14034652709961,6.072180891247525,6.189167826740887,7.289905217201671,223.17276763916016,45.73015236854553,151.3353042602539,393.91229248046875
529,0,person,0.7054064273834229,1,car,0.5171912908554077,person-car,1.8570300340652464,7.868048667907715,6.328353613916131,6.025812049923114,7.04521571551764,230.1804656982422,41.58979034423828,155.70363235473633,388.0845184326172
530,0,person,0.7070913910865784,1,person,0.5008571147918701,person-person,1.123280644416809,1.857629895210266,0.6347646066203981,0.7345236076219332,0.7831133285797358,223.39622497558594,39.1354866027832,230.64739990234372,38.82437515258789
530,0,person,0.7070913910865784,2,tennis racket,0.3427556157112121,person-tennis racket,1.123280644416809,1.3454723358154297,3.602031561878223,0.23524553085434002,0.2708184002886883,223.39622497558594,39.1354866027832,181.38552856445312,50.95751190185547
530,1,person,0.5008571147918701,2,tennis racket,0.3427556157112121,person-tennis racket,1.857629895210266,1.3454723358154297,4.236796168498621,0.525324513943711,0.5413601744845178,230.64739990234372,38.82437515258789,181.38552856445312,50.95751190185547
531,0,person,0.7377937436103821,1,car,0.3920762836933136,person-car,1.8262430429458616,7.572898387908935,6.307098264486739,5.761203285714786,6.68384789981328,236.25462341308594,37.671715170145035,162.45898056030273,378.22515869140625
532,0,person,0.8005959987640381,1,car,0.447838544845581,person-car,1.8161886930465696,7.620959281921387,6.734266567606314,5.821198289265476,6.712083123282723,244.41822052001953,37.07416611164808,166.02286529541016,372.59437561035156
537,0,person,0.690433919429779,1,boat,0.3119592368602752,person-boat,1.5580358505249023,7.574490070343018,7.263773174204193,6.032175601566614,6.7638098105150295,258.1680374145508,31.352926641702652,174.38449478149414,348.56581115722656
538,0,person,0.6902864575386047,1,boat,0.664353609085083,person-boat,1.472837209701538,7.564677715301514,7.546057361528657,6.107659185569365,6.808425095689648,262.4975280761719,30.998855598270897,175.64956283569336,343.89552307128906
539,0,person,0.8100477457046509,1,boat,0.5922929048538208,person-boat,1.4391382932662964,7.480196475982666,7.746099776357105,6.05729678065269,6.729074593155196,266.31468963623047,30.82442855834961,177.35706329345703,339.8051986694336
540,0,person,0.7642818689346313,1,boat,0.5025157928466797,person-boat,1.3482120037078855,7.374471664428711,7.893463049695295,6.041871424447624,6.679844625328661,268.9358825683594,30.374534606933594,178.4141845703125,335.6395950317383
541,0,person,0.7482530474662781,1,boat,0.3400487005710602,person-boat,1.3997423648834229,7.492421150207519,7.985879994408631,6.109348777256046,6.739283582493734,272.6900177001953,28.987524420022964,181.3454475402832,331.7984848022461
541,0,person,0.7482530474662781,2,car,0.3259743452072143,person-car,1.3997423648834229,7.492421150207519,7.9880728657182365,6.1093579061439485,6.739571418406582,272.6900177001953,28.987524420022964,181.31937408447266,331.8535537719727
541,1,boat,0.3400487005710602,2,car,0.3259743452072143,boat-car,7.492421150207519,7.492421150207519,0.002192871309606027,0.0002867561309846611,0.0007430179791186233,181.3454475402832,331.7984848022461,181.31937408447266,331.8535537719727
542,0,person,0.6703414916992188,1,boat,0.6133383512496948,person-boat,1.3449496030807495,7.414116382598877,7.971142261729687,6.085020629297901,6.685490403488578,275.2653503417969,23.786510474979877,184.2833023071289,328.0550765991211
542,0,person,0.6703414916992188,2,car,0.3135357499122619,person-car,1.3449496030807495,7.415028572082519,7.940616165686066,6.085811549431275,6.685532076484448,275.2653503417969,23.786510474979877,184.64516830444336,328.20829010009766
542,1,boat,0.6133383512496948,2,car,0.3135357499122619,boat-car,7.414116382598877,7.415028572082519,0.030526096043621047,0.004054293393081222,0.004633049655137666,184.2833023071289,328.0550765991211,184.64516830444336,328.20829010009766
543,0,person,0.5240300297737122,1,boat,0.4073716402053833,person-boat,1.0775654315948486,7.505675315856934,8.005908261856016,6.44036100189737,6.999802697500006,278.23919677734375,22.941926576197144,187.0582733154297,323.9417495727539
543,0,person,0.5240300297737122,2,car,0.3501299023628235,person-car,1.0775654315948486,7.4924397468566895,7.982373924161548,6.427057276276769,6.9844063140009505,278.23919677734375,22.941926576197144,187.33653259277344,323.8483352661133
543,1,boat,0.4073716402053833,2,car,0.3501299023628235,boat-car,7.505675315856934,7.4924397468566895,0.02353433769446779,0.013589268642807342,0.015668098707721897,187.0582733154297,323.9417495727539,187.33653259277344,323.8483352661133
544,0,car,0.7713271975517273,1,person,0.6014023423194885,car-person,7.519586563110352,1.0056238174438477,8.113178966392335,6.525571309551305,7.058796333757015,190.17475509643555,319.91075134277344,282.33319091796875,21.329886630177498
545,0,car,0.755260705947876,1,person,0.6793486475944519,car-person,7.504871845245361,0.9685275554656982,8.001122662379027,6.547160668166114,7.055090507829735,193.85546875,316.6729965209961,284.5425109863281,21.61982575058937
546,0,person,0.688151478767395,1,car,0.552375853061676,person-car,0.9720506072044371,7.365013122558594,7.924703121464519,6.403648037005476,6.87703708310484,286.03868103027344,21.025630593299866,196.34879302978516,309.3273239135742
546,0,person,0.688151478767395,2,person,0.3591011464595794,person-person,0.9720506072044371,1.423052430152893,22.328503636603973,0.6409655688591225,0.6811758094017262,286.03868103027344,21.025630593299866,528.8914489746094,21.865835189819336
546,1,car,0.552375853061676,2,person,0.3591011464595794,car-person,7.365013122558594,1.423052430152893,30.25320675806849,6.177516778303831,6.667017669981948,196.34879302978516,309.3273239135742,528.8914489746094,21.865835189819336
547,0,person,0.6956976652145386,1,person,0.5824601650238037,person-person,0.9984862208366394,1.3836227655410769,22.383600638394846,0.5970866502926401,0.6319576480724214,286.2247619628906,20.837989449501038,529.7069396972656,22.9166202545166
547,0,person,0.6956976652145386,2,bus,0.421610414981842,person-bus,0.9984862208366394,7.413812637329102,7.659514605649662,6.425613617242766,6.872265657821585,286.2247619628906,20.837989449501038,199.6512222290039,301.0534133911133
547,1,person,0.5824601650238037,2,bus,0.421610414981842,person-bus,1.3836227655410769,7.413812637329102,30.04311524404451,6.254559568815393,6.709247220185443,529.7069396972656,22.9166202545166,199.6512222290039,301.0534133911133
548,0,person,0.5154291391372681,1,car,0.3765812516212463,person-car,1.0407365560531616,7.150637149810791,7.582864954208298,6.120542776928212,6.524845121057698,287.72802734375,18.439612582325935,202.14311599731445,289.87784576416016
549,0,car,0.4603325128555298,1,person,0.2692504525184631,car-person,6.9256272315979,1.5146580934524536,29.781821577344214,5.661232144575146,6.030483627599457,205.58797073364258,280.6465377807617,532.5182495117188,25.34629249572754
550,0,car,0.3299087882041931,1,bus,0.3009511828422546,car-bus,6.784655570983887,6.798349857330322,0.011147084729416085,0.013757882667291438,0.014767984522966876,207.01741409301758,270.7409439086914,206.88795471191406,270.7466049194336
552,0,person,0.3840336501598358,1,car,0.362964779138565,person-car,1.6697983741760254,6.484462261199951,30.052354886487983,5.108050077520558,5.389905297702257,540.0980529785156,29.19514274597168,210.17626190185547,250.9263916015625
555,0,car,0.2775338888168335,1,bicycle,0.2677735686302185,car-bicycle,5.789839267730713,1.7593481540679932,30.373024577933,4.363596305104719,4.5712315209368635,212.8557586669922,222.62891387939453,546.4183959960938,36.07499051094055
558,0,car,0.4282320141792297,1,person,0.4009833335876465,car-person,5.4295830726623535,1.891049027442932,31.315568127243218,3.9386345236314755,4.107464970514879,212.5969696044922,198.91924667358398,557.0209045410156,37.50183869153261
559,0,car,0.3086123168468475,1,person,0.2941811084747314,car-person,5.247803688049316,1.9578006267547607,31.61851910650496,3.7248304123107787,3.8817123471004105,211.7330322265625,190.10277938842773,559.6653442382812,38.78942261636257
561,0,cell phone,0.4311088919639587,1,car,0.4000251889228821,cell phone-car,4.87624979019165,4.868038654327393,0.028126495006450637,0.008552376622749228,0.009837180560522336,203.0576400756836,174.94194030761716,203.38536071777344,174.6140594482422
562,0,car,0.4136140644550323,1,person,0.3276118040084839,car-person,4.8322834968566895,1.8748252391815183,34.93856818989813,3.46587313251678,3.6120321377125033,200.03873443603516,168.0124626159668,586.8367919921875,33.120296597480774
562,0,car,0.4136140644550323,2,person,0.2720770537853241,car-person,4.8322834968566895,1.9225903749465945,33.889464548944424,3.409244935531892,3.560390577139048,200.03873443603516,168.0124626159668,574.4343872070312,33.799166202545166
562,1,person,0.3276118040084839,2,person,0.2720770537853241,person-person,1.8748252391815183,1.9225903749465945,1.0491036409537104,0.059075827125080416,0.054393283572988865,586.8367919921875,33.120296597480774,574.4343872070312,33.799166202545166
563,0,car,0.5572997331619263,1,bicycle,0.5566608309745789,car-bicycle,4.795276641845703,2.0722901821136475,34.86996316416485,3.314071750332923,3.4671990715171015,193.9934196472168,160.62606048583982,579.9081726074219,56.486470222473145
563,0,car,0.5572997331619263,2,person,0.3523018956184387,car-person,4.795276641845703,2.044599771499634,35.868681003601196,3.3592862634038108,3.5114604274505936,193.9934196472168,160.62606048583982,591.7737426757812,29.00486421585083
563,1,bicycle,0.5566608309745789,2,person,0.3523018956184387,bicycle-person,2.0722901821136475,2.044599771499634,0.9987178394363464,0.045322002631136345,0.09384586748943768,579.9081726074219,56.486470222473145,591.7737426757812,29.00486421585083
564,0,car,0.6001849174499512,1,person,0.3563118875026703,car-person,4.681541919708252,2.1521811485290527,36.78096339033568,3.2263181523018303,3.3793405696507857,189.20413208007812,154.42792129516602,597.8330688476562,28.99890375137329
565,0,car,0.6733015775680542,1,bicycle,0.5696032047271729,car-bicycle,4.882559299468994,2.1707749366760254,36.67507162307762,3.398558416139269,3.571211516129447,183.5527687072754,148.17499160766602,590.8427124023438,62.17536163330078
565,0,car,0.6733015775680542,2,person,0.4399788975715637,car-person,4.882559299468994,2.179162979125977,37.68166614196708,3.4273760827603956,3.596897798301196,183.5527687072754,148.17499160766602,602.932861328125,29.43235409259796
565,1,bicycle,0.5696032047271729,2,person,0.4399788975715637,bicycle-person,2.1707749366760254,2.179162979125977,1.0065945188894656,0.039119993027227365,0.12703737893904637,590.8427124023438,62.17536163330078,602.932861328125,29.43235409259796
566,0,car,0.7732638716697693,1,bicycle,0.6878328919410706,car-bicycle,4.701908111572266,2.1289045810699463,37.622628689820836,3.283823709805486,3.4612591856939994,177.59337997436523,142.28994750976562,596.1901245117188,64.32620239257812
566,0,car,0.7732638716697693,2,person,0.6146027445793152,car-person,4.701908111572266,2.2256855964660645,38.543710087510135,3.2698043295074246,3.441648963359666,177.59337997436523,142.28994750976562,607.3079223632812,35.35785961151123
566,1,bicycle,0.6878328919410706,2,person,0.6146027445793152,bicycle-person,2.1289045810699463,2.2256855964660645,0.9210813976893022,0.10291293576654968,0.17718763639337298,596.1901245117188,64.32620239257812,607.3079223632812,35.35785961151123
567,0,car,0.8502948880195618,1,bicycle,0.8004584312438965,car-bicycle,4.674211502075195,2.18513298034668,38.77900653101455,3.2708419654662237,3.4624746090836127,169.8109893798828,136.4296646118164,602.2910461425781,65.79522705078125
567,0,car,0.8502948880195618,2,person,0.6852459907531738,car-person,4.674211502075195,2.2192206382751465,39.65161013077078,3.2863170406411193,3.473002414044328,169.8109893798828,136.4296646118164,612.8875732421875,37.23704552650452
567,1,bicycle,0.8004584312438965,2,person,0.6852459907531738,bicycle-person,2.18513298034668,2.2192206382751465,0.8726035997562261,0.04781971768849713,0.12700331892927466,602.2910461425781,65.79522705078125,612.8875732421875,37.23704552650452
568,0,car,0.827150821685791,1,bicycle,0.7486549615859985,car-bicycle,4.611687183380127,2.1080005168914795,40.02502216570196,3.2897835244458142,3.5004553699821215,161.12399291992188,132.78698921203613,608.6753540039062,66.85944747924805
568,0,car,0.827150821685791,2,person,0.4881531894207001,car-person,4.611687183380127,2.3029489517211914,40.92681467338245,3.243869517116906,3.4447550975549155,161.12399291992188,132.78698921203613,619.7030639648438,41.223642349243164
568,0,car,0.827150821685791,3,person,0.3949832916259765,car-person,4.611687183380127,2.3029489517211914,40.82372826272365,3.2400123299182826,3.441293449703365,161.12399291992188,132.78698921203613,618.4358215332031,39.5361852645874
568,1,bicycle,0.7486549615859985,2,person,0.4881531894207001,bicycle-person,2.1080005168914795,2.3029489517211914,0.9017925076804824,0.19800876853364888,0.2669387201786677,608.6753540039062,66.85944747924805,619.7030639648438,41.223642349243164
568,1,bicycle,0.7486549615859985,3,person,0.3949832916259765,bicycle-person,2.1080005168914795,2.3029489517211914,0.7987060970216777,0.1973531115883734,0.2684457328422361,608.6753540039062,66.85944747924805,618.4358215332031,39.5361852645874
568,2,person,0.4881531894207001,3,person,0.3949832916259765,person-person,2.3029489517211914,2.3029489517211914,0.1030864106588046,0.004143458931282263,0.007910058182530327,619.7030639648438,41.223642349243164,618.4358215332031,39.5361852645874
569,0,car,0.871616780757904,1,bicycle,0.7446503043174744,car-bicycle,4.545872688293457,2.1054463386535645,41.25724979520061,3.2722477699547947,3.496914235886621,153.4541473388672,128.9567756652832,616.0310668945312,67.39131927490234
569,0,car,0.871616780757904,2,person,0.6610996723175049,car-person,4.545872688293457,2.2367334365844727,41.98909864701131,3.248521759421935,3.4649176630802243,153.4541473388672,128.9567756652832,625.0421447753906,41.77038860321045
569,1,bicycle,0.7446503043174744,2,person,0.6610996723175049,bicycle-person,2.1054463386535645,2.2367334365844727,0.7318488518107037,0.13418135504955642,0.19913800163108827,616.0310668945312,67.39131927490234,625.0421447753906,41.77038860321045
570,0,car,0.8600546717643738,1,person,0.6929561495780945,car-person,4.557730197906494,2.3385257720947266,43.16668955778315,3.2701517279006294,3.5067591513891707,144.53607368469238,125.46601867675783,630.6536560058594,43.16422891616821
570,0,car,0.8600546717643738,2,bicycle,0.6334071755409241,car-bicycle,4.557730197906494,2.233415365219116,42.4126665921333,3.2756923260502764,3.519403634630412,144.53607368469238,125.46601867675783,621.313720703125,69.34533882141113
570,1,person,0.6929561495780945,2,bicycle,0.6334071755409241,person-bicycle,2.3385257720947266,2.233415365219116,0.7540229656498556,0.1093285907395872,0.180019037819394,630.6536560058594,43.16422891616821,621.313720703125,69.34533882141113
571,0,car,0.9009349346160888,1,bicycle,0.6932284235954285,car-bicycle,4.492591857910156,2.238533496856689,43.69756649557478,3.263790209998247,3.528634004854685,134.66990089416504,121.72886848449707,627.3788146972656,71.92959976196289
571,0,car,0.9009349346160888,2,person,0.6068676710128784,car-person,4.492591857910156,2.392453670501709,44.486419528211584,3.2513320656309257,3.5074729010919694,134.66990089416504,121.72886848449707,637.2195739746094,43.75134992599487
571,1,bicycle,0.6932284235954285,2,person,0.6068676710128784,bicycle-person,2.238533496856689,2.392453670501709,0.7888530326368091,0.15718336287956008,0.23412176104876034,627.3788146972656,71.92959976196289,637.2195739746094,43.75134992599487
572,0,car,0.8083791136741638,1,bicycle,0.7245767116546631,car-bicycle,4.332727909088135,2.3846447467803955,44.96945048087721,3.1368128141469023,3.4067821411470405,126.17374801635744,118.33797073364258,634.7898559570312,73.42628479003906
572,0,car,0.8083791136741638,2,person,0.5950172543525696,car-person,4.332727909088135,2.4654369354248047,45.60041047816376,3.146953737383305,3.412563413294068,126.17374801635744,118.33797073364258,642.7191162109375,45.72548770904541
572,0,car,0.8083791136741638,3,person,0.3227401375770569,car-person,4.332727909088135,2.50966477394104,45.645799142848745,3.1412612837126104,3.4064081486152955,126.17374801635744,118.33797073364258,643.2923278808594,39.40785503387451
572,1,bicycle,0.7245767116546631,2,person,0.5950172543525696,bicycle-person,2.3846447467803955,2.4654369354248047,0.6309599972865515,0.0850902361376099,0.16613601659780253,634.7898559570312,73.42628479003906,642.7191162109375,45.72548770904541
572,1,bicycle,0.7245767116546631,3,person,0.3227401375770569,bicycle-person,2.3846447467803955,2.50966477394104,0.6763486619715385,0.12831188046148084,0.22627040535549153,634.7898559570312,73.42628479003906,643.2923278808594,39.40785503387451
572,2,person,0.5950172543525696,3,person,0.3227401375770569,person-person,2.4654369354248047,2.50966477394104,0.045388664684986986,0.04427171361072287,0.062003676316265396,642.7191162109375,45.72548770904541,643.2923278808594,39.40785503387451
573,0,car,0.8418354392051697,1,bicycle,0.763171911239624,car-bicycle,4.207709312438965,2.364582300186157,46.25581335013281,3.0882263446761837,3.375801617859166,115.76497077941895,116.12092590332031,640.6396484375,74.96263313293457
573,0,car,0.8418354392051697,2,person,0.6362185478210449,car-person,4.207709312438965,2.468532085418701,46.854960569188044,3.097160585672024,3.3803138428547395,115.76497077941895,116.12092590332031,648.2188720703125,44.75812005996704
573,1,bicycle,0.763171911239624,2,person,0.6362185478210449,bicycle-person,2.364582300186157,2.468532085418701,0.5991472190552326,0.10697587403860614,0.19326355236854817,640.6396484375,74.96263313293457,648.2188720703125,44.75812005996704
574,0,car,0.9115822911262512,1,bicycle,0.7355563044548035,car-bicycle,4.085727214813232,2.2345850467681885,47.49555944126682,3.0576698834321205,3.362695286338327,106.58832597732544,114.32583045959473,647.2763671875,76.12878608703613
574,0,car,0.9115822911262512,2,person,0.5386183857917786,car-person,4.085727214813232,2.361168146133423,48.18028431167447,3.0664535257472756,3.3656596605036113,106.58832597732544,114.32583045959473,656.0122680664062,47.030046463012695
574,0,car,0.9115822911262512,3,person,0.3487359881401062,car-person,4.085727214813232,2.330547332763672,47.91619637389108,3.0595806845216136,3.3592889090260187,106.58832597732544,114.32583045959473,652.6321716308594,52.42563247680664
574,1,bicycle,0.7355563044548035,2,person,0.5386183857917786,bicycle-person,2.2345850467681885,2.361168146133423,0.6847248704076466,0.12952536341827156,0.20860422565029035,647.2763671875,76.12878608703613,656.0122680664062,47.030046463012695
574,1,bicycle,0.7355563044548035,3,person,0.3487359881401062,bicycle-person,2.2345850467681885,2.330547332763672,0.42063693262426094,0.09741379471924942,0.15960229192186276,647.2763671875,76.12878608703613,652.6321716308594,52.42563247680664
574,2,person,0.5386183857917786,3,person,0.3487359881401062,person-person,2.361168146133423,2.330547332763672,0.2640879377833857,0.03247368133853722,0.049678406962455415,656.0122680664062,47.030046463012695,652.6321716308594,52.42563247680664
575,0,car,0.9348329901695251,1,bicycle,0.8432283997535706,car-bicycle,4.031523704528809,2.410021543502808,48.83367439922367,3.0447087443317415,3.367303929510171,96.24154055118558,112.02357292175293,654.1800537109375,77.04373168945312
575,0,car,0.9348329901695251,2,person,0.6073769927024841,car-person,4.031523704528809,2.4310414791107178,49.42049375936829,3.0679394708140126,3.3889014988972375,96.24154055118558,112.02357292175293,661.7237854003906,48.94356727600098
575,1,bicycle,0.8432283997535706,2,person,0.6073769927024841,bicycle-person,2.410021543502808,2.4310414791107178,0.5868193601446194,0.03250246390045951,0.12414555927088955,654.1800537109375,77.04373168945312,661.7237854003906,48.94356727600098
576,0,car,0.9499204754829408,1,bicycle,0.8343807458877563,car-bicycle,4.072571754455566,2.380836248397827,49.741802941805766,3.1180610885744016,3.4610410988327223,90.98553162068126,109.32366371154785,660.6997985839844,78.01082611083984
576,0,car,0.9499204754829408,2,person,0.593648374080658,car-person,4.072571754455566,2.5155324935913086,50.27359178570195,3.133452984848443,3.4722401161938317,90.98553162068126,109.32366371154785,667.5879211425781,52.13659858703613
576,1,bicycle,0.8343807458877563,2,person,0.593648374080658,bicycle-person,2.380836248397827,2.5155324935913086,0.5317888438961965,0.136597975716757,0.2111564479894509,660.6997985839844,78.01082611083984,667.5879211425781,52.13659858703613
577,0,car,0.945769429206848,1,bicycle,0.5733063220977783,car-bicycle,4.024050235748291,2.536433696746826,50.64455254949537,3.1115416748912077,3.4596695833908235,86.71657257527113,108.21855163574219,668.2060852050781,78.93596649169922
577,0,car,0.945769429206848,2,person,0.4408872425556183,car-person,4.024050235748291,2.601720094680786,50.538117217961,3.107072289699372,3.451446043779165,86.71657257527113,108.21855163574219,666.8217163085938,53.32374382019043
577,0,car,0.945769429206848,3,person,0.4159488976001739,car-person,4.024050235748291,2.6623477935791016,51.17904668351441,3.138284398966527,3.485869560846094,86.71657257527113,108.21855163574219,675.1943969726562,51.37826442718506
577,1,bicycle,0.5733063220977783,2,person,0.4408872425556183,bicycle-person,2.536433696746826,2.601720094680786,0.10643533153436281,0.06546057008034799,0.14138196846524057,668.2060852050781,78.93596649169922,666.8217163085938,53.32374382019043
577,1,bicycle,0.5733063220977783,3,person,0.4159488976001739,bicycle-person,2.536433696746826,2.6623477935791016,0.5344941340190341,0.12822643759991242,0.2131872330971559,668.2060852050781,78.93596649169922,675.1943969726562,51.37826442718506
577,2,person,0.4408872425556183,3,person,0.4159488976001739,person-person,2.601720094680786,2.6623477935791016,0.640929465553397,0.06739786530764949,0.09162626798033101,666.8217163085938,53.32374382019043,675.1943969726562,51.37826442718506
578,0,car,0.9278370141983032,1,bicycle,0.6861718893051147,car-bicycle,3.949193000793457,2.575868368148804,51.438791504206144,3.090151184425916,3.4459460317479236,81.59181671589613,106.41500663757324,673.5384216308594,79.59210205078125
578,0,car,0.9278370141983032,2,person,0.3182069957256317,car-person,3.949193000793457,2.7016377449035645,52.01548708233432,3.1244483029469867,3.4816638735461125,81.59181671589613,106.41500663757324,681.1321411132812,49.18258094787598
578,1,bicycle,0.6861718893051147,2,person,0.3182069957256317,bicycle-person,2.575868368148804,2.7016377449035645,0.5766955781281743,0.12854161127798552,0.22479164808637261,673.5384216308594,79.59210205078125,681.1321411132812,49.18258094787598
579,0,car,0.937053084373474,1,bicycle,0.8267067074775696,car-bicycle,3.888951539993286,2.549229145050049,52.20863004219398,3.077720305486459,3.441980038313408,77.10092163085938,105.41923332214355,679.2422790527344,80.40516471862793
579,0,car,0.937053084373474,2,person,0.5361932516098022,car-person,3.888951539993286,2.646180868148804,52.63381293085066,3.1040325392713966,3.468788803102921,77.10092163085938,105.41923332214355,684.8746643066406,59.456589698791504
579,1,bicycle,0.8267067074775696,2,person,0.5361932516098022,bicycle-person,2.549229145050049,2.646180868148804,0.4251828886566785,0.0988489467305235,0.16394570130146446,679.2422790527344,80.40516471862793,684.8746643066406,59.456589698791504
580,0,car,0.950326144695282,1,bicycle,0.7597784996032715,car-bicycle,3.796029090881348,2.511427402496338,53.020621996954326,3.041025692866952,3.411638532444139,72.16331176832318,104.97222709655762,685.1337585449219,81.69717979431152
580,0,car,0.950326144695282,2,person,0.5571027994155884,car-person,3.796029090881348,2.6428496837615967,53.73539592735656,3.0864113804152504,3.4609084098967937,72.16331176832318,104.97222709655762,694.69873046875,56.108893394470215
580,1,bicycle,0.7597784996032715,2,person,0.5571027994155884,bicycle-person,2.511427402496338,2.6428496837615967,0.7147739304022344,0.1352951097888055,0.21835421467472702,685.1337585449219,81.69717979431152,694.69873046875,56.108893394470215
581,0,car,0.9384395480155944,1,bicycle,0.8097083568572998,car-bicycle,3.903645038604736,2.5896072387695312,53.809991752543624,3.163320961500572,3.5587084936368583,67.92153626680374,104.63758087158203,691.486328125,81.41996574401855
581,0,car,0.9384395480155944,2,person,0.6943090558052063,car-person,3.903645038604736,2.7398123741149902,54.21527687348501,3.1995467985059736,3.597216363655807,67.92153626680374,104.63758087158203,696.9402465820312,55.96573257446289
581,1,bicycle,0.8097083568572998,2,person,0.6943090558052063,bicycle-person,2.5896072387695312,2.7398123741149902,0.40528512094138813,0.15138224197828642,0.23215612849773667,691.486328125,81.41996574401855,696.9402465820312,55.96573257446289
582,0,car,0.9417575001716614,1,bicycle,0.7839577794075012,car-bicycle,3.8436901569366455,2.50339150428772,54.60821355043405,3.145660871147361,3.5509874269148165,63.15803223848343,104.2235279083252,697.5183410644531,82.65426063537598
582,0,car,0.9417575001716614,2,person,0.7653804421424866,car-person,3.8436901569366455,2.589099645614624,55.06553754085554,3.174890552105917,3.5815185875375537,63.15803223848343,104.2235279083252,703.7247314453125,55.2713041305542
582,1,bicycle,0.7839577794075012,2,person,0.7653804421424866,bicycle-person,2.50339150428772,2.589099645614624,0.4573239904214837,0.08808414679772039,0.17373787506827146,697.5183410644531,82.65426063537598,703.7247314453125,55.2713041305542
583,0,car,0.940329611301422,1,bicycle,0.8347172737121582,car-bicycle,3.824859142303467,2.508994102478028,55.45946773034126,3.168962207523205,3.5887010238375936,58.23112717270851,104.21599769592285,704.1896667480469,81.28584098815918
583,0,car,0.940329611301422,2,person,0.6413233280181885,car-person,3.824859142303467,2.7025303840637207,55.96622518753788,3.219097463930985,3.6441392292746797,58.23112717270851,104.21599769592285,711.1318054199219,54.00243854522705
583,1,bicycle,0.8347172737121582,2,person,0.6413233280181885,bicycle-person,2.508994102478028,2.7025303840637207,0.5067574571966231,0.19490180960273862,0.2847974888639888,704.1896667480469,81.28584098815918,711.1318054199219,54.00243854522705
584,0,car,0.917719542980194,1,bicycle,0.7633962631225586,car-bicycle,3.790257215499878,2.457308530807495,56.2154492307356,3.1695586534964004,3.600485266098182,53.70578536996618,105.10335731506348,710.0429077148438,80.61886787414551
584,0,car,0.917719542980194,2,person,0.7000962495803833,car-person,3.790257215499878,2.563565254211426,56.52433492055004,3.196706058383306,3.6293698033608326,53.70578536996618,105.10335731506348,714.3001708984375,54.444966316223145
584,1,bicycle,0.7633962631225586,2,person,0.7000962495803833,bicycle-person,2.457308530807495,2.563565254211426,0.3088856898144392,0.10711478191687723,0.1854121780594144,710.0429077148438,80.61886787414551,714.3001708984375,54.444966316223145
585,0,car,0.9298637509346008,1,bicycle,0.8167933225631714,car-bicycle,3.9064300060272217,2.45880126953125,56.938954570551566,3.2903003784222955,3.7515327189077703,48.574633792042725,104.96968078613281,714.9181823730469,81.0783462524414
585,0,car,0.9298637509346008,2,person,0.7376216650009155,car-person,3.9064300060272217,2.6899161338806152,57.408632558628845,3.3430133633948667,3.8095142185393915,48.574633792042725,104.96968078613281,721.4447021484375,56.27113056182861
585,1,bicycle,0.8167933225631714,2,person,0.7376216650009155,bicycle-person,2.45880126953125,2.6899161338806152,0.46967798807728844,0.2320743896056681,0.31974281909680974,714.9181823730469,81.0783462524414,721.4447021484375,56.27113056182861
586,0,car,0.9308046698570251,1,bicycle,0.6964279413223267,car-bicycle,3.8412156105041504,2.5758213996887207,57.72141052995738,3.2896770600679335,3.760925416061582,43.962059020996094,105.56681060791016,721.1997375488281,80.1621036529541
586,0,car,0.9308046698570251,2,person,0.6617040634155273,car-person,3.8412156105041504,2.6294240951538086,58.10814838585702,3.3161118393077023,3.7910901636655723,43.962059020996094,105.56681060791016,726.6161499023438,56.87851428985596
586,1,bicycle,0.6964279413223267,2,person,0.6617040634155273,bicycle-person,2.5758213996887207,2.6294240951538086,0.3867378558996495,0.05640767196234467,0.1344301790941796,721.1997375488281,80.1621036529541,726.6161499023438,56.87851428985596
587,0,car,0.930046021938324,1,bicycle,0.6674835085868835,car-bicycle,3.787685871124268,2.5504250526428223,58.5786873851358,3.283134915152752,3.7671484126868804,38.844390876591206,106.22506713867188,728.1146850585938,80.9096851348877
587,0,car,0.930046021938324,2,person,0.6479290723800659,car-person,3.787685871124268,2.624483823776245,58.90594326775837,3.3116187635347645,3.7999401789922262,38.844390876591206,106.22506713867188,732.7396240234375,55.52851963043213
587,1,bicycle,0.6674835085868835,2,person,0.6479290723800659,bicycle-person,2.5504250526428223,2.624483823776245,0.3272558826225654,0.07551865692968146,0.15743279948131295,728.1146850585938,80.9096851348877,732.7396240234375,55.52851963043213
588,0,car,0.9244017004966736,1,bicycle,0.841246485710144,car-bicycle,3.700963973999024,2.595335006713867,59.197374710967075,3.2550808684382098,3.7466843579508473,33.78087693452835,107.23104667663574,731.8012390136719,81.37513160705566
588,0,car,0.9244017004966736,2,person,0.6612168550491333,car-person,3.700963973999024,2.6923093795776367,59.89955285230709,3.3092723016699788,3.813629718412174,33.78087693452835,107.23104667663574,741.8137512207031,56.45537185668945
588,1,bicycle,0.841246485710144,2,person,0.6612168550491333,bicycle-person,2.595335006713867,2.6923093795776367,0.7021781413400205,0.10224226287131279,0.19020030220384204,731.8012390136719,81.37513160705566,741.8137512207031,56.45537185668945
589,0,car,0.8463979959487915,1,bicycle,0.7154721021652222,car-bicycle,3.5814766883850098,2.48786997795105,59.7505757091789,3.168457748021595,3.658565029122732,29.128895580768585,108.71274375915527,735.0203857421875,85.01450729370117
589,0,car,0.8463979959487915,2,person,0.5618257522583008,car-person,3.5814766883850098,2.473466396331787,60.56572220975352,3.199730810180166,3.6987371548557912,29.128895580768585,108.71274375915527,746.7104187011719,56.26706027984619
589,1,bicycle,0.7154721021652222,2,person,0.5618257522583008,bicycle-person,2.48786997795105,2.473466396331787,0.815146500574625,0.038118081527160744,0.12003357034457174,735.0203857421875,85.01450729370117,746.7104187011719,56.26706027984619
590,0,bicycle,0.7551457285881042,1,car,0.6318017840385437,bicycle-car,2.52791428565979,3.4347658157348637,60.34135557945378,3.0975677732961873,3.587306231561276,738.5336608886719,85.65559768676758,24.186758808791637,108.84190368652344
590,0,bicycle,0.7551457285881042,2,person,0.4573206007480621,bicycle-person,2.52791428565979,2.665900945663452,0.8673075794184241,0.1434730025025687,0.2528959458670539,738.5336608886719,85.65559768676758,751.0410766601562,54.540849685668945
590,0,bicycle,0.7551457285881042,3,person,0.3615260124206543,bicycle-person,2.52791428565979,2.670043706893921,0.9728094526402551,0.14881697969263488,0.25982272092120723,738.5336608886719,85.65559768676758,752.5778503417969,54.89228439331055
590,1,car,0.6318017840385437,2,person,0.4573206007480621,car-person,3.4347658157348637,2.665900945663452,61.208663158872206,3.1756068950316276,3.686613166850966,24.186758808791637,108.84190368652344,751.0410766601562,54.540849685668945
590,1,car,0.6318017840385437,3,person,0.3615260124206543,car-person,3.4347658157348637,2.670043706893921,61.314165032094046,3.1815864217799774,3.694690481453702,24.186758808791637,108.84190368652344,752.5778503417969,54.89228439331055
590,2,person,0.4573206007480621,3,person,0.3615260124206543,person-person,2.665900945663452,2.670043706893921,0.10550187322183097,0.006426267700770132,0.010056767849440481,751.0410766601562,54.540849685668945,752.5778503417969,54.89228439331055
591,0,bicycle,0.6834695935249329,1,person,0.4458803832530975,bicycle-person,2.556052923202514,2.6409599781036377,0.9449180183890944,0.09510612352927418,0.19818459791239398,741.4749145507812,84.70237731933594,755.1703491210938,55.74001502990723
592,0,bicycle,0.5449227094650269,1,person,0.3560347259044647,bicycle-person,2.6025002002716064,2.616530656814575,0.8782960128618845,0.0423903833462934,0.13339693282280957,744.5779724121094,81.92039680480957,757.3560485839844,55.18246650695801
